window_start_date,window_end_date,window_observations,rolling_R_OS_squared
1941-01-01,1990-12-01,600,0.15414872017287617
1941-02-01,1991-01-01,600,0.1538307200144874
1941-03-01,1991-02-01,600,0.15369621243605847
1941-04-01,1991-03-01,600,0.15351274242650326
1941-05-01,1991-04-01,600,0.15343845152814883
1941-06-01,1991-05-01,600,0.15359059797459396
1941-07-01,1991-06-01,600,0.15371984939448569
1941-08-01,1991-07-01,600,0.15366675897726167
1941-09-01,1991-08-01,600,0.1537151308336292
1941-10-01,1991-09-01,600,0.15404846585443666
1941-11-01,1991-10-01,600,0.15478980428667444
1941-12-01,1991-11-01,600,0.15548118197289784
1942-01-01,1991-12-01,600,0.15611225356764225
1942-02-01,1992-01-01,600,0.15636984539215748
1942-03-01,1992-02-01,600,0.1570909404929114
1942-04-01,1992-03-01,600,0.15888437104447017
1942-05-01,1992-04-01,600,0.1609700667150129
1942-06-01,1992-05-01,600,0.16282036850675952
1942-07-01,1992-06-01,600,0.16448975846950087
1942-08-01,1992-07-01,600,0.16582517318521572
1942-09-01,1992-08-01,600,0.16750775632103987
1942-10-01,1992-09-01,600,0.16879824163237045
1942-11-01,1992-10-01,600,0.16930309104977403
1942-12-01,1992-11-01,600,0.1688827899214317
1943-01-01,1992-12-01,600,0.16816273808439475
1943-02-01,1993-01-01,600,0.16621799459780895
1943-03-01,1993-02-01,600,0.16286926059364915
1943-04-01,1993-03-01,600,0.15581445787592973
1943-05-01,1993-04-01,600,0.14719817466126062
1943-06-01,1993-05-01,600,0.13934086345979868
1943-07-01,1993-06-01,600,0.1316197305740232
1943-08-01,1993-07-01,600,0.12613936319267327
1943-09-01,1993-08-01,600,0.12023112826000437
1943-10-01,1993-09-01,600,0.11480044606430695
1943-11-01,1993-10-01,600,0.1109050325654588
1943-12-01,1993-11-01,600,0.10860175794797233
1944-01-01,1993-12-01,600,0.10664296825411834
1944-02-01,1994-01-01,600,0.10502494403255658
1944-03-01,1994-02-01,600,0.10418036760391869
1944-04-01,1994-03-01,600,0.1045157932038221
1944-05-01,1994-04-01,600,0.10434301032234139
1944-06-01,1994-05-01,600,0.10453818586939345
1944-07-01,1994-06-01,600,0.10535629497062948
1944-08-01,1994-07-01,600,0.10575047485631461
1944-09-01,1994-08-01,600,0.10615384101263137
1944-10-01,1994-09-01,600,0.10678699988751106
1944-11-01,1994-10-01,600,0.10746803217263967
1944-12-01,1994-11-01,600,0.10821994947268843
1945-01-01,1994-12-01,600,0.10939281539349699
1945-02-01,1995-01-01,600,0.1107970012546895
1945-03-01,1995-02-01,600,0.11167869851531764
1945-04-01,1995-03-01,600,0.11144525496510227
1945-05-01,1995-04-01,600,0.11145171997683012
1945-06-01,1995-05-01,600,0.11119144657849389
1945-07-01,1995-06-01,600,0.1100529916004056
1945-08-01,1995-07-01,600,0.10851392120097103
1945-09-01,1995-08-01,600,0.10773959348017847
1945-10-01,1995-09-01,600,0.10661282843048125
1945-11-01,1995-10-01,600,0.10619891569690343
1945-12-01,1995-11-01,600,0.1050797401158845
1946-01-01,1995-12-01,600,0.10428989432142777
1946-02-01,1996-01-01,600,0.10419718343217543
1946-03-01,1996-02-01,600,0.10339227288628938
1946-04-01,1996-03-01,600,0.10350199899369772
1946-05-01,1996-04-01,600,0.10393202419707226
1946-06-01,1996-05-01,600,0.1047935419286099
1946-07-01,1996-06-01,600,0.10575785023262074
1946-08-01,1996-07-01,600,0.10763775779827156
1946-09-01,1996-08-01,600,0.10806478660592689
1946-10-01,1996-09-01,600,0.10679201704663255
1946-11-01,1996-10-01,600,0.10489845976706813
1946-12-01,1996-11-01,600,0.10203788900803645
1947-01-01,1996-12-01,600,0.09982264344183045
1947-02-01,1997-01-01,600,0.09677898111265981
1947-03-01,1997-02-01,600,0.09449431733557279
1947-04-01,1997-03-01,600,0.09215557455649159
1947-05-01,1997-04-01,600,0.08863430279496731
1947-06-01,1997-05-01,600,0.08371634275987483
1947-07-01,1997-06-01,600,0.07888689646364411
1947-08-01,1997-07-01,600,0.07229757580361562
1947-09-01,1997-08-01,600,0.06750979723308237
1947-10-01,1997-09-01,600,0.06345784115272002
1947-11-01,1997-10-01,600,0.0603949739967754
1947-12-01,1997-11-01,600,0.05748989391877468
1948-01-01,1997-12-01,600,0.05392681865355642
1948-02-01,1998-01-01,600,0.05073696111781556
1948-03-01,1998-02-01,600,0.04614573792097254
1948-04-01,1998-03-01,600,0.040018208663662125
1948-05-01,1998-04-01,600,0.03466249427839441
1948-06-01,1998-05-01,600,0.031031856312960016
1948-07-01,1998-06-01,600,0.02785195423998643
1948-08-01,1998-07-01,600,0.02624272151305307
1948-09-01,1998-08-01,600,0.02684132119900362
1948-10-01,1998-09-01,600,0.02736015951135562
1948-11-01,1998-10-01,600,0.026293580336289035
1948-12-01,1998-11-01,600,0.025110522054796913
1949-01-01,1998-12-01,600,0.023160316248932444
1949-02-01,1999-01-01,600,0.020643619109251943
1949-03-01,1999-02-01,600,0.019820859278588454
1949-04-01,1999-03-01,600,0.019282970174840264
1949-05-01,1999-04-01,600,0.018337540807544572
1949-06-01,1999-05-01,600,0.01712401444654521
1949-07-01,1999-06-01,600,0.01579028800819604
1949-08-01,1999-07-01,600,0.014728065533154533
1949-09-01,1999-08-01,600,0.011549075556519628
1949-10-01,1999-09-01,600,0.00931838677611807
1949-11-01,1999-10-01,600,0.007166454390746924
1949-12-01,1999-11-01,600,0.004303073014354952
1950-01-01,1999-12-01,600,8.858872820044494e-4
1950-02-01,2000-01-01,600,-0.0013142096936318293
1950-03-01,2000-02-01,600,-0.0054570594101233105
1950-04-01,2000-03-01,600,-0.00933881107641965
1950-05-01,2000-04-01,600,-0.012518168868435708
1950-06-01,2000-05-01,600,-0.017317401239216546
1950-07-01,2000-06-01,600,-0.02079248481471585
1950-08-01,2000-07-01,600,-0.023149891784956633
1950-09-01,2000-08-01,600,-0.0270302434588352
1950-10-01,2000-09-01,600,-0.030444583299709116
1950-11-01,2000-10-01,600,-0.03184206230936737
1950-12-01,2000-11-01,600,-0.03166270920884662
1951-01-01,2000-12-01,600,-0.03027988058721487
1951-02-01,2001-01-01,600,-0.030256108887572797
1951-03-01,2001-02-01,600,-0.028604451381406992
1951-04-01,2001-03-01,600,-0.02511288644616405
1951-05-01,2001-04-01,600,-0.023108522047231128
1951-06-01,2001-05-01,600,-0.021291567675657763
1951-07-01,2001-06-01,600,-0.01914037178734751
1951-08-01,2001-07-01,600,-0.017556276813110117
1951-09-01,2001-08-01,600,-0.014540543978856846
1951-10-01,2001-09-01,600,-0.010899157698061046
1951-11-01,2001-10-01,600,-0.00788807990123952
1951-12-01,2001-11-01,600,-0.006868957024503075
1952-01-01,2001-12-01,600,-0.005576073942913373
1952-02-01,2002-01-01,600,-0.0034410142519518683
1952-03-01,2002-02-01,600,-0.001872501180148367
1952-04-01,2002-03-01,600,-0.001859083748849466
1952-05-01,2002-04-01,600,9.477270165991758e-5
1952-06-01,2002-05-01,600,0.0019304002049924662
1952-07-01,2002-06-01,600,0.0034833535113993896
1952-08-01,2002-07-01,600,0.006112011683617746
1952-09-01,2002-08-01,600,0.008284706363223648
1952-10-01,2002-09-01,600,0.010626502138710636
1952-11-01,2002-10-01,600,0.012831058395085138
1952-12-01,2002-11-01,600,0.01504196774756017
1953-01-01,2002-12-01,600,0.01807620237178098
1953-02-01,2003-01-01,600,0.021210998182955576
1953-03-01,2003-02-01,600,0.024170703868428567
1953-04-01,2003-03-01,600,0.02759148065926509
1953-05-01,2003-04-01,600,0.029742770454891376
1953-06-01,2003-05-01,600,0.03119241199402245
1953-07-01,2003-06-01,600,0.031627599886526525
1953-08-01,2003-07-01,600,0.030761189605872263
1953-09-01,2003-08-01,600,0.029627109309632194
1953-10-01,2003-09-01,600,0.027443470201363618
1953-11-01,2003-10-01,600,0.02519605201955155
1953-12-01,2003-11-01,600,0.023367212020830586
1954-01-01,2003-12-01,600,0.020008136202734783
1954-02-01,2004-01-01,600,0.016126701362769835
1954-03-01,2004-02-01,600,0.011821291261936762
1954-04-01,2004-03-01,600,0.007864166256104532
1954-05-01,2004-04-01,600,0.005070828603165434
1954-06-01,2004-05-01,600,0.002791302938116802
1954-07-01,2004-06-01,600,1.8089334493842646e-4
1954-08-01,2004-07-01,600,-0.0013987793188185993
1954-09-01,2004-08-01,600,-0.0032206257198750254
1954-10-01,2004-09-01,600,-0.0057572318629270924
1954-11-01,2004-10-01,600,-0.006908344065336802
1954-12-01,2004-11-01,600,-0.008548733293620714
1955-01-01,2004-12-01,600,-0.010506496599484105
1955-02-01,2005-01-01,600,-0.010989140447346113
1955-03-01,2005-02-01,600,-0.01136524429707153
1955-04-01,2005-03-01,600,-0.011250009744788514
1955-05-01,2005-04-01,600,-0.010508538271329693
1955-06-01,2005-05-01,600,-0.009887537197713181
1955-07-01,2005-06-01,600,-0.008753419039397414
1955-08-01,2005-07-01,600,-0.00815736141868384
1955-09-01,2005-08-01,600,-0.007748483127325123
1955-10-01,2005-09-01,600,-0.006917810283995518
1955-11-01,2005-10-01,600,-0.005830666274165175
1955-12-01,2005-11-01,600,-0.004269815291173318
1956-01-01,2005-12-01,600,-0.0022997607223389505
1956-02-01,2006-01-01,600,-0.0012221374588248235
1956-03-01,2006-02-01,600,2.3274752999447035e-4
1956-04-01,2006-03-01,600,0.002177277306785852
1956-05-01,2006-04-01,600,0.0037485819447879987
1956-06-01,2006-05-01,600,0.004915211262473074
1956-07-01,2006-06-01,600,0.005997498296064219
1956-08-01,2006-07-01,600,0.007911151389047744
1956-09-01,2006-08-01,600,0.008963951078242549
1956-10-01,2006-09-01,600,0.00921696006571171
1956-11-01,2006-10-01,600,0.00930767700641233
1956-12-01,2006-11-01,600,0.008714534172482025
1957-01-01,2006-12-01,600,0.008182971204553358
1957-02-01,2007-01-01,600,0.007662063328191082
1957-03-01,2007-02-01,600,0.00671813308602065
1957-04-01,2007-03-01,600,0.005276576650493081
1957-05-01,2007-04-01,600,0.0040401474566171824
1957-06-01,2007-05-01,600,0.003233400416517207
1957-07-01,2007-06-01,600,0.002211703138483956
1957-08-01,2007-07-01,600,9.484412522106078e-4
1957-09-01,2007-08-01,600,-3.6312670984073314e-4
1957-10-01,2007-09-01,600,-0.0017368892215698928
1957-11-01,2007-10-01,600,-0.003362670692209635
1957-12-01,2007-11-01,600,-0.004439324321081184
1958-01-01,2007-12-01,600,-0.006123647986146397
1958-02-01,2008-01-01,600,-0.006490062146755848
1958-03-01,2008-02-01,600,-0.006678820118389606
1958-04-01,2008-03-01,600,-0.00680328544774933
1958-05-01,2008-04-01,600,-0.007139512726246355
1958-06-01,2008-05-01,600,-0.007629109114158039
1958-07-01,2008-06-01,600,-0.007554540813929034
1958-08-01,2008-07-01,600,-0.007442109928244234
1958-09-01,2008-08-01,600,-0.006687522253928657
1958-10-01,2008-09-01,600,-0.005191655010408969
1958-11-01,2008-10-01,600,-0.0038643151261439357
1958-12-01,2008-11-01,600,-0.0029791466129653887
1959-01-01,2008-12-01,600,-0.0022790786404798258
1959-02-01,2009-01-01,600,-0.001987802390429172
1959-03-01,2009-02-01,600,-0.002256401563786259
1959-04-01,2009-03-01,600,-0.0019880928554041333
1959-05-01,2009-04-01,600,-7.027825891972039e-4
1959-06-01,2009-05-01,600,0.0012192241290320815
1959-07-01,2009-06-01,600,0.002677770446779082
1959-08-01,2009-07-01,600,0.004372965432959064
1959-09-01,2009-08-01,600,0.006051143753795674
1959-10-01,2009-09-01,600,0.006795920896015661
1959-11-01,2009-10-01,600,0.007866142602201864
1959-12-01,2009-11-01,600,0.009835999333241197
1960-01-01,2009-12-01,600,0.011384156075469498
1960-02-01,2010-01-01,600,0.012353783999061285
1960-03-01,2010-02-01,600,0.015283036539365913
1960-04-01,2010-03-01,600,0.018606323997354957
1960-05-01,2010-04-01,600,0.019495415878560962
1960-06-01,2010-05-01,600,0.019044722466353803
1960-07-01,2010-06-01,600,0.018475566833400014
1960-08-01,2010-07-01,600,0.016979176706523824
1960-09-01,2010-08-01,600,0.015881789645730393
1960-10-01,2010-09-01,600,0.014695113778719127
1960-11-01,2010-10-01,600,0.0133650954157577
1960-12-01,2010-11-01,600,0.012155005135992214
1961-01-01,2010-12-01,600,0.011024408175879241
1961-02-01,2011-01-01,600,0.011386530517308646
1961-03-01,2011-02-01,600,0.011931774268107542
1961-04-01,2011-03-01,600,0.012629599252058643
1961-05-01,2011-04-01,600,0.013347898686815185
1961-06-01,2011-05-01,600,0.013649572434481061
1961-07-01,2011-06-01,600,0.013230894727009557
1961-08-01,2011-07-01,600,0.01408878644578071
1961-09-01,2011-08-01,600,0.015150322227001967
1961-10-01,2011-09-01,600,0.01741518357732963
1961-11-01,2011-10-01,600,0.019556077069864508
1961-12-01,2011-11-01,600,0.021995044414453768
1962-01-01,2011-12-01,600,0.02457692250249266
1962-02-01,2012-01-01,600,0.02568252372041835
1962-03-01,2012-02-01,600,0.026530349576833756
1962-04-01,2012-03-01,600,0.026696841828882545
1962-05-01,2012-04-01,600,0.02616195349574335
1962-06-01,2012-05-01,600,0.02454349793551447
1962-07-01,2012-06-01,600,0.021957271827117597
1962-08-01,2012-07-01,600,0.01940713188475751
1962-09-01,2012-08-01,600,0.0163030622878233
1962-10-01,2012-09-01,600,0.012502423248107353
1962-11-01,2012-10-01,600,0.008830263217605827
1962-12-01,2012-11-01,600,0.005761629270533808
1963-01-01,2012-12-01,600,0.0027654302869482006
1963-02-01,2013-01-01,600,8.772829113898872e-4
1963-03-01,2013-02-01,600,-0.0013387318715818441
1963-04-01,2013-03-01,600,-0.0032208349513316303
1963-05-01,2013-04-01,600,-0.003811071777841901
1963-06-01,2013-05-01,600,-0.003676310153671203
1963-07-01,2013-06-01,600,-0.0030294743179324346
1963-08-01,2013-07-01,600,-0.003096991448397368
1963-09-01,2013-08-01,600,-0.002430498018778149
1963-10-01,2013-09-01,600,-0.0017745917589875315
1963-11-01,2013-10-01,600,-0.0012549401844439423
1963-12-01,2013-11-01,600,-0.001748467088117156
1964-01-01,2013-12-01,600,-0.002024727703635376
1964-02-01,2014-01-01,600,-0.0020504245207044747
1964-03-01,2014-02-01,600,-0.001972525523058044
1964-04-01,2014-03-01,600,-0.0018074587097327566
1964-05-01,2014-04-01,600,-0.001987855923016424
1964-06-01,2014-05-01,600,-0.0022255976282672396
1964-07-01,2014-06-01,600,-0.0022124797920604067
1964-08-01,2014-07-01,600,-0.001490936686107558
1964-09-01,2014-08-01,600,-0.001999476766559871
1964-10-01,2014-09-01,600,-0.0016481847963265572
1964-11-01,2014-10-01,600,-0.0013585960284239196
1964-12-01,2014-11-01,600,-0.0010449966808170341
1965-01-01,2014-12-01,600,-7.654083207948581e-4
1965-02-01,2015-01-01,600,-2.6628308933251965e-4
1965-03-01,2015-02-01,600,-1.247385576252924e-5
1965-04-01,2015-03-01,600,1.2276296113333807e-5
1965-05-01,2015-04-01,600,3.4398932293144835e-4
1965-06-01,2015-05-01,600,4.58046394644529e-4
1965-07-01,2015-06-01,600,7.592764363906213e-7
1965-08-01,2015-07-01,600,-7.612754651742382e-4
1965-09-01,2015-08-01,600,-2.8241685818275464e-4
1965-10-01,2015-09-01,600,3.1624308765110243e-4
1965-11-01,2015-10-01,600,8.17841442320999e-4
1965-12-01,2015-11-01,600,0.0014528794715645832
1966-01-01,2015-12-01,600,0.0023465408592310277
1966-02-01,2016-01-01,600,0.0030952980074404612
1966-03-01,2016-02-01,600,0.004057986286689741
1966-04-01,2016-03-01,600,0.004325509556280638
1966-05-01,2016-04-01,600,0.004465499411153706
1966-06-01,2016-05-01,600,0.004008280747744841
1966-07-01,2016-06-01,600,0.0039148611777319875
1966-08-01,2016-07-01,600,0.0033594636594312943
1966-09-01,2016-08-01,600,0.0013704852764490072
1966-10-01,2016-09-01,600,-0.001202924258414173
1966-11-01,2016-10-01,600,-0.0032556040840769906
1966-12-01,2016-11-01,600,-0.005337316466288433
1967-01-01,2016-12-01,600,-0.007728660808871135
1967-02-01,2017-01-01,600,-0.009742257461290205
1967-03-01,2017-02-01,600,-0.011700980064032862
1967-04-01,2017-03-01,600,-0.012706932829248174
1967-05-01,2017-04-01,600,-0.013546609757155048
1967-06-01,2017-05-01,600,-0.01424985035198123
1967-07-01,2017-06-01,600,-0.014614127792555331
1967-08-01,2017-07-01,600,-0.014379138736370756
1967-09-01,2017-08-01,600,-0.013825171025423577
1967-10-01,2017-09-01,600,-0.01308139985224055
1967-11-01,2017-10-01,600,-0.012930716416438726
1967-12-01,2017-11-01,600,-0.012770378808012017
1968-01-01,2017-12-01,600,-0.012306422128214312
1968-02-01,2018-01-01,600,-0.013026844424179895
1968-03-01,2018-02-01,600,-0.0137238452421804
1968-04-01,2018-03-01,600,-0.01463854836750289
1968-05-01,2018-04-01,600,-0.01498746173733534
1968-06-01,2018-05-01,600,-0.01479763501400333
1968-07-01,2018-06-01,600,-0.014700543375454789
1968-08-01,2018-07-01,600,-0.015408079349019
1968-09-01,2018-08-01,600,-0.01605696786321764
1968-10-01,2018-09-01,600,-0.01650718436245069
1968-11-01,2018-10-01,600,-0.016022316727734465
1968-12-01,2018-11-01,600,-0.014893428848357537
1969-01-01,2018-12-01,600,-0.013813532103228887
1969-02-01,2019-01-01,600,-0.012613975847268533
1969-03-01,2019-02-01,600,-0.012174029332781888
1969-04-01,2019-03-01,600,-0.011706233487526863
1969-05-01,2019-04-01,600,-0.012132155966715796
1969-06-01,2019-05-01,600,-0.012186125670967884
1969-07-01,2019-06-01,600,-0.013450211436017767
1969-08-01,2019-07-01,600,-0.014973878008030628
1969-09-01,2019-08-01,600,-0.01584585808979022
1969-10-01,2019-09-01,600,-0.017560031957855937
1969-11-01,2019-10-01,600,-0.019458394468897744
1969-12-01,2019-11-01,600,-0.022485159538925048
1970-01-01,2019-12-01,600,-0.025660392448668023
1970-02-01,2020-01-01,600,-0.029293304568978495
1970-03-01,2020-02-01,600,-0.031156588121951323
1970-04-01,2020-03-01,600,-0.03261807154989116
1970-05-01,2020-04-01,600,-0.03575616021158412
1970-06-01,2020-05-01,600,-0.040187906458781564
1970-07-01,2020-06-01,600,-0.04393726093722816
1970-08-01,2020-07-01,600,-0.04660176937243299
1970-09-01,2020-08-01,600,-0.05015334281513595
1970-10-01,2020-09-01,600,-0.05267399886822166
1970-11-01,2020-10-01,600,-0.05577281515989907
1970-12-01,2020-11-01,600,-0.05881125850471469
1971-01-01,2020-12-01,600,-0.06123556415084863
1971-02-01,2021-01-01,600,-0.0624970828945306
1971-03-01,2021-02-01,600,-0.06460938064376975
1971-04-01,2021-03-01,600,-0.06609109791184231
1971-05-01,2021-04-01,600,-0.06723790896317627
1971-06-01,2021-05-01,600,-0.06851537353431025
1971-07-01,2021-06-01,600,-0.07012460272553622
1971-08-01,2021-07-01,600,-0.07166469347213722
1971-09-01,2021-08-01,600,-0.07284179533908564
1971-10-01,2021-09-01,600,-0.07402958269563875
1971-11-01,2021-10-01,600,-0.07587884342160045
1971-12-01,2021-11-01,600,-0.07719698995172686
1972-01-01,2021-12-01,600,-0.07811751815859314
