YYYYMM,month,a_tau,b_tau,R_squared,N_tau
196306,1963-06-01,-0.00144448886010005,0.999749264278895,0.998748632846248,465
196307,1963-07-01,0.000239189632010822,0.999261446107688,0.998835303628229,468
196308,1963-08-01,0.000300411714508675,0.999750076513537,0.999008546358268,468
196309,1963-09-01,0.00157768655217688,0.9998087673279,0.999265186956608,468
196310,1963-10-01,0.00260729261783688,0.999531974794946,0.999322424120415,468
196311,1963-11-01,0.00269393669032654,0.999418752675016,0.999358723650996,470
196312,1963-12-01,0.00558965503899742,0.999399817078319,0.997380382129817,469
196401,1964-01-01,0.00626688411785393,0.998604033633288,0.996680925187783,468
196402,1964-02-01,0.00708258451455788,0.99834026457882,0.995584023290502,465
196403,1964-03-01,0.00917993129752705,0.998260898198073,0.994940553341069,465
196404,1964-04-01,0.012895780643555,0.996900992518762,0.991704438767114,463
196405,1964-05-01,0.0180479876726181,0.991195627968226,0.991066458995286,463
196406,1964-06-01,-0.000737831061124247,1.00239534496755,0.996746897104668,478
196407,1964-07-01,0.00111659271255645,1.00198777541643,0.996988724349328,479
196408,1964-08-01,0.00238584695874224,1.00060244789269,0.997384925427041,479
196409,1964-09-01,0.00395402659309649,1.00009435802204,0.997632606932376,479
196410,1964-10-01,0.00554436097770476,0.999297395787533,0.997738194928245,479
196411,1964-11-01,0.00589952923230496,0.999265246518715,0.997782995351939,479
196412,1964-12-01,0.00846718877183079,0.999650086558684,0.997030367697675,479
196501,1965-01-01,0.0101164400073892,0.9992237954835,0.996807044177267,478
196502,1965-02-01,0.013691526312393,0.994657996360091,0.994056687389814,478
196503,1965-03-01,0.0148975532708422,0.995151216358332,0.993740546884206,478
196504,1965-04-01,0.0184512883641264,0.995447849170589,0.988714725386997,478
196505,1965-05-01,0.0196557315044168,0.995316668084458,0.988246652032258,478
196506,1965-06-01,0.00486075261765365,0.995744401031488,0.986541211762543,758
196507,1965-07-01,0.00591165449238724,0.99735322361371,0.986695191384537,762
196508,1965-08-01,0.00633721970413225,0.994833387914776,0.993948278454209,762
196509,1965-09-01,0.00650428648493141,0.997487434157926,0.994963878313486,762
196510,1965-10-01,0.00640620391235816,0.998025727866677,0.996428572945581,764
196511,1965-11-01,0.00691271677220958,0.997853402380125,0.996542634823443,765
196512,1965-12-01,0.0100223812555355,0.998522662087593,0.994592203668838,761
196601,1966-01-01,0.012574173563347,0.997712199720538,0.994034619948037,758
196602,1966-02-01,0.00925420343657128,1.00482841116779,0.990333510447483,754
196603,1966-03-01,0.0131855850112581,1.00483525292925,0.988356024833199,758
196604,1966-04-01,0.0147717221399468,1.0038599924589,0.982809153117151,759
196605,1966-05-01,0.0159280060581378,1.00441264685795,0.982358916707174,759
196606,1966-06-01,0.00658559785806477,0.984574518756516,0.989077137764119,848
196607,1966-07-01,0.00743774311838604,0.988554492262616,0.991046083141137,851
196608,1966-08-01,0.00821892936960972,0.989277352065655,0.991357711116329,851
196609,1966-09-01,0.00670923689439185,0.994282451932604,0.992474776644986,851
196610,1966-10-01,0.00744247999874187,0.995656418907252,0.994041295015302,854
196611,1966-11-01,0.00795445377778532,0.996524577616611,0.996082688891745,855
196612,1966-12-01,0.0133823827740311,0.994933076782843,0.992445503661315,853
196701,1967-01-01,0.0162803252114301,0.993689490441811,0.991331869422629,848
196702,1967-02-01,0.0172924386967361,0.993333866330712,0.989258514632415,848
196703,1967-03-01,0.023201731135444,0.990936589372306,0.987918149357546,850
196704,1967-04-01,0.031563396387352,0.979916074758866,0.97879695555861,851
196705,1967-05-01,0.0324161999935183,0.980650374819545,0.97842614477635,851
196706,1967-06-01,0.0191380905744035,0.983798261971597,0.981758912139313,937
196707,1967-07-01,0.0214995897033494,0.984428259503071,0.983099860434328,941
196708,1967-08-01,0.0210963212197324,0.985471822744188,0.984106826277941,940
196709,1967-09-01,0.0148793322948851,0.994997173989854,0.985582457416361,940
196710,1967-10-01,0.0159132687970691,0.996300439556344,0.986275065911502,940
196711,1967-11-01,0.018513984801058,0.994709039164352,0.988208056322231,939
196712,1967-12-01,0.0283965374659983,0.991155032113857,0.983668583384613,937
196801,1968-01-01,0.0335775728844068,0.989149806634065,0.98137494204492,935
196802,1968-02-01,0.0349769124108332,0.990504878507964,0.979052463647264,931
196803,1968-03-01,0.0433244013076806,0.987968633614418,0.973785734474326,931
196804,1968-04-01,0.0495849024038583,0.986308912033996,0.968034406115144,929
196805,1968-05-01,0.0516126485045716,0.986656807349548,0.965693258632837,930
196806,1968-06-01,0.0189612520836753,0.983760161897869,0.970354682263881,1035
196807,1968-07-01,0.0220239300274211,0.984249803007585,0.970881996980522,1041
196808,1968-08-01,0.0233259501312403,0.984283894402334,0.971401136404514,1039
196809,1968-09-01,0.0249834524891837,0.983936093551086,0.972143678113988,1041
196810,1968-10-01,0.0266120438448814,0.984189067847322,0.973172609363943,1041
196811,1968-11-01,0.0230221076809196,0.992101036696129,0.974948426111256,1042
196812,1968-12-01,0.0315802865252056,0.988273894936478,0.97121802033827,1038
196901,1969-01-01,0.036208806476347,0.985436960445979,0.968233221390187,1037
196902,1969-02-01,0.0380600342789981,0.985422944789752,0.96701939420575,1036
196903,1969-03-01,0.0445469931270927,0.982606668392446,0.962223176765363,1036
196904,1969-04-01,0.047879871982388,0.980405991585659,0.955292760846321,1034
196905,1969-05-01,0.0504172315400705,0.978274300331324,0.95058154637955,1033
196906,1969-06-01,0.0269231708668798,0.970837144651309,0.924547486635133,1237
196907,1969-07-01,0.02909372336451,0.971970997210217,0.926998312023834,1241
196908,1969-08-01,0.0298686302010386,0.973437325920733,0.930626956626173,1241
196909,1969-09-01,0.0311224786066268,0.974437637356662,0.932401434961373,1243
196910,1969-10-01,0.0329706605969232,0.973316989015525,0.93434404008392,1242
196911,1969-11-01,0.0323427425312286,0.978174454015913,0.938061354599257,1243
196912,1969-12-01,0.0388360337041749,0.972927784436868,0.925733265834064,1241
197001,1970-01-01,0.0411779884790853,0.97099441941119,0.923423499624754,1236
197002,1970-02-01,0.04545548645349,0.966900353560061,0.916179657939054,1239
197003,1970-03-01,0.0509347067970253,0.963854459994408,0.908104763839505,1238
197004,1970-04-01,0.0547717199044993,0.960596672968622,0.905337618085395,1238
197005,1970-05-01,0.0572446600425438,0.956750888153191,0.906051043439436,1236
197006,1970-06-01,0.0298339116976759,0.999618635970667,0.925182697016341,1339
197007,1970-07-01,0.0339310282051378,0.997069305699838,0.93495374044979,1342
197008,1970-08-01,0.0338186720321295,0.998790156214593,0.935982112596235,1339
197009,1970-09-01,0.034352103298948,1.00078638629628,0.937817681328753,1339
197010,1970-10-01,0.0358471708186821,1.00055316194959,0.939895892352032,1340
197011,1970-11-01,0.0346374910869355,1.0039642452979,0.941415282170038,1343
197012,1970-12-01,0.0336978008603951,1.01070232316671,0.937532417297423,1342
197101,1971-01-01,0.0345513117890118,1.0099215797382,0.93666044061593,1335
197102,1971-02-01,0.036000541508077,1.00892837725404,0.936509147497265,1335
197103,1971-03-01,0.0388999229861432,1.00847028316012,0.935655394838045,1331
197104,1971-04-01,0.0414800068637124,1.00785300445801,0.93281483220286,1331
197105,1971-05-01,0.0454162179176219,1.00388846828883,0.929450392638866,1329
197106,1971-06-01,0.0273346320074088,1.01785673646443,0.91783193412607,1487
197107,1971-07-01,0.0273751656485677,1.01616883499308,0.923393472352915,1487
197108,1971-08-01,0.0272399470674826,1.01604655200226,0.92467841592419,1487
197109,1971-09-01,0.0273448934735518,1.01581246165755,0.925685400211152,1488
197110,1971-10-01,0.0275388989864061,1.01734378033978,0.92899489386816,1490
197111,1971-11-01,0.0261551179592909,1.02087785835169,0.934456870780805,1489
197112,1971-12-01,0.0310987889257989,1.01873276968615,0.930455469146394,1484
197201,1972-01-01,0.0448760248698766,1.00080840269222,0.910999316015853,1473
197202,1972-02-01,0.0464150171059858,0.998988954338835,0.909875493959713,1473
197203,1972-03-01,0.106913312676017,0.93660550663339,0.861017978095442,1472
197204,1972-04-01,0.107533648391914,0.937131832229722,0.858988177715862,1472
197205,1972-05-01,0.101111144735982,0.946024445282837,0.867655135731734,1468
197206,1972-06-01,0.0180777700804927,1.021513833128,0.9222652828806,1594
197207,1972-07-01,0.0192371763036622,1.02162738560745,0.926535376540982,1595
197208,1972-08-01,0.0222821349751651,1.01873958176835,0.927083941089908,1596
197209,1972-09-01,0.0235261067338276,1.0181834491699,0.929914675252378,1592
197210,1972-10-01,0.0243858418189699,1.01885482286153,0.930997472624513,1593
197211,1972-11-01,0.0238746986709494,1.0196199125903,0.932368815549741,1591
197212,1972-12-01,0.025352219075739,1.02378313774093,0.929463262396829,1589
197301,1973-01-01,0.0298109317948522,1.02030650827231,0.925841873489092,1582
197302,1973-02-01,0.0328855403222069,1.0179935103876,0.921967553863163,1581
197303,1973-03-01,0.0387978271994462,1.0162144874916,0.919850137330786,1580
197304,1973-04-01,0.0411538416896632,1.01445950255186,0.917193933115962,1575
197305,1973-05-01,0.0432794489959166,1.01284940512165,0.915337250209596,1571
197306,1973-06-01,0.0382218580069537,1.00043961202253,0.837422364820382,1667
197307,1973-07-01,0.0394115280286607,1.00076836753266,0.840841013221765,1666
197308,1973-08-01,0.0401237328433998,1.00040589563184,0.841822478555604,1666
197309,1973-09-01,0.0424827226421072,1.00065979129237,0.843040282923159,1664
197310,1973-10-01,0.0436332195865244,1.00058271911493,0.844101666631807,1662
197311,1973-11-01,0.0357203331334942,1.00703198163627,0.912200098447766,1664
197312,1973-12-01,0.0424540452187673,1.00334611198407,0.905402740383079,1662
197401,1974-01-01,0.0454098329340481,1.00073446683341,0.902590829169273,1652
197402,1974-02-01,0.0475753560873571,0.999914839615532,0.90036581523067,1645
197403,1974-03-01,0.0517195836785536,1.00150312783266,0.897244164037646,1639
197404,1974-04-01,0.0557408969898914,0.999749621606075,0.893204928259588,1642
197405,1974-05-01,0.0565482305420299,1.00032168585334,0.893331177527079,1638
197406,1974-06-01,0.0273675207542954,1.01290902643714,0.944045839815634,1745
197407,1974-07-01,0.0307559711568563,1.01436501991191,0.946537443982378,1748
197408,1974-08-01,0.0302968603598166,1.01447452518626,0.953368235578492,1742
197409,1974-09-01,0.027681047505067,1.01608009015646,0.960101198823701,1738
197410,1974-10-01,0.0306613137728979,1.01468821831904,0.963609688887438,1734
197411,1974-11-01,0.0303520281020224,1.01678835445923,0.963992632597184,1728
197412,1974-12-01,0.04233010376301,1.0159368456766,0.960491947920982,1725
197501,1975-01-01,0.0470313459109152,1.01427066182466,0.959072210884853,1714
197502,1975-02-01,0.0517179944066039,1.01299652572906,0.957626664175274,1710
197503,1975-03-01,0.0748321484491548,1.00356869603381,0.950977849925414,1708
197504,1975-04-01,0.0803272276694375,1.00265834930377,0.948275568590925,1700
197505,1975-05-01,0.0842211751500881,1.00239409238987,0.944536981216415,1699
197506,1975-06-01,0.0337862078002529,1.01280733698859,0.937774017859569,2501
197507,1975-07-01,0.0471122787820516,1.00717483746378,0.956294842336749,2499
197508,1975-08-01,0.0533331564779076,1.00440491633977,0.958780963131737,2495
197509,1975-09-01,0.0553918715095329,1.00282228794451,0.96742623238692,2496
197510,1975-10-01,0.0518640248619198,1.00456501523054,0.971175328805801,2495
197511,1975-11-01,0.0543333134943351,1.00495894467492,0.97263441439952,2493
197512,1975-12-01,0.0766275650519198,0.997436553621431,0.965919794485951,2484
197601,1976-01-01,0.0856041660675552,0.99475849044007,0.964882014510757,2470
197602,1976-02-01,0.0877848852944221,0.994460896136141,0.963211763727503,2467
197603,1976-03-01,0.102620403071757,0.990636959271669,0.957004668999588,2460
197604,1976-04-01,0.112161256504961,0.987166840662572,0.954537596580393,2447
197605,1976-05-01,0.111076819224786,0.988326374608079,0.953504430839282,2437
197606,1976-06-01,0.0155511832613885,1.00473025784334,0.947572078220307,2870
197607,1976-07-01,0.0212699380395505,1.00324931625084,0.955332068986254,2865
197608,1976-08-01,0.0221822466301098,1.00175984917139,0.964107321123962,2860
197609,1976-09-01,0.0262937028725548,1.0030174551282,0.966058197880153,2851
197610,1976-10-01,0.0285549054233727,1.00366863659806,0.967348384207268,2846
197611,1976-11-01,0.0315814839792138,1.00391992640825,0.968821767177312,2841
197612,1976-12-01,0.048721873722779,1.00122166922556,0.964067948921318,2832
197701,1977-01-01,0.0558807977443331,0.99876475051609,0.961332991915719,2817
197702,1977-02-01,0.0608392350440241,0.997510289739027,0.959175180143152,2799
197703,1977-03-01,0.0705467762619924,0.997093435933035,0.955054926855726,2794
197704,1977-04-01,0.0785505523277426,0.995357366147852,0.953461277280112,2784
197705,1977-05-01,0.0841851075841826,0.993659923688752,0.95003677346367,2780
197706,1977-06-01,0.0112734910475302,0.997929278209781,0.97111402404071,2888
197707,1977-07-01,0.0121349200616875,1.00131687425346,0.974939799295433,2888
197708,1977-08-01,0.0133916434067503,1.00138140499158,0.977336244722716,2879
197709,1977-09-01,0.0178842731075415,1.0016013502213,0.981359294884638,2877
197710,1977-10-01,0.020330162347593,1.00236631057146,0.983135170297201,2864
197711,1977-11-01,0.0211304176415252,1.00289700119482,0.984545284255137,2858
197712,1977-12-01,0.0388394462517478,0.996442464714938,0.979869273806548,2848
197801,1978-01-01,0.0437586694510831,0.99485574494497,0.978823494378325,2818
197802,1978-02-01,0.0475579535544945,0.992974664463453,0.976333566362396,2803
197803,1978-03-01,0.0510789568911212,0.996164435037378,0.971948404393674,2791
197804,1978-04-01,0.0579520717286329,0.993189560594993,0.968121413845562,2782
197805,1978-05-01,0.0651815950932846,0.990381797459708,0.965251936443242,2770
197806,1978-06-01,0.00308543264314946,1.00313086187297,0.957355410124023,2826
197807,1978-07-01,0.00121998721851593,1.0077202416365,0.971416323390807,2823
197808,1978-08-01,0.00175984969323277,1.00888308673898,0.973492028917915,2817
197809,1978-09-01,0.00457508642574318,1.01010282319908,0.977011888978729,2803
197810,1978-10-01,0.0104424599226521,1.00779144648689,0.979916543176602,2792
197811,1978-11-01,0.0114715951192378,1.00868682339855,0.982888631014754,2786
197812,1978-12-01,0.032536288144668,1.00048183102207,0.973246172947105,2778
197901,1979-01-01,0.0433299363323063,0.994787663738887,0.973752696335557,2742
197902,1979-02-01,0.0493525859638971,0.993111979252344,0.970970466495129,2726
197903,1979-03-01,0.0819357900748993,0.974925426862098,0.95723039233152,2710
197904,1979-04-01,0.0891331905835308,0.97387084096134,0.95400750010616,2702
197905,1979-05-01,0.0925294153780153,0.975477710045914,0.947353302763731,2698
197906,1979-06-01,-0.0032153604871535,1.00198077078008,0.971155397198551,2748
197907,1979-07-01,-0.000113179302467494,1.0035238519483,0.976142011743953,2740
197908,1979-08-01,0.00415133267230292,1.00253758635703,0.978134791491925,2727
197909,1979-09-01,0.00783785612493432,1.00353614574768,0.982718742172901,2717
197910,1979-10-01,0.0123518757108063,1.00265621289413,0.985969821758885,2707
197911,1979-11-01,0.0159067658364013,1.00286911872503,0.987076742356982,2699
197912,1979-12-01,0.0349217931977469,0.997227894677035,0.979567696098212,2682
198001,1980-01-01,0.0378254252538844,0.998213115094912,0.977475819111054,2644
198002,1980-02-01,0.0467345549371337,0.993581938603882,0.970342974731581,2624
198003,1980-03-01,0.0549551980361879,0.993611157543373,0.96278590449139,2617
198004,1980-04-01,0.0626186940070942,0.990880260303423,0.959927764850425,2603
198005,1980-05-01,0.0658074731349929,0.990721001893113,0.957206357516708,2602
198006,1980-06-01,-0.00747220450948063,1.00359269950281,0.981490084901755,2704
198007,1980-07-01,-0.00422217246030991,1.00615550636811,0.984429655394772,2711
198008,1980-08-01,-0.00330877051784291,1.00706288340431,0.986179079168133,2710
198009,1980-09-01,0.00200600046097958,1.00601711626787,0.98966908754454,2708
198010,1980-10-01,0.00465755062494927,1.00533132839853,0.991411959201733,2693
198011,1980-11-01,0.00838555985662808,1.00441734302926,0.992495524134079,2692
198012,1980-12-01,0.0270607182765918,0.996271876854568,0.985789833974799,2693
198101,1981-01-01,0.0316127136950425,0.994366879059102,0.981207370634947,2639
198102,1981-02-01,0.0370907540059304,0.991896454080744,0.977601568992284,2626
198103,1981-03-01,0.0672523151936577,0.9723127705028,0.966255057831973,2615
198104,1981-04-01,0.0774107071749695,0.966927862797499,0.960096015827732,2605
198105,1981-05-01,0.0796841636471534,0.967587094336437,0.958811313454307,2610
198106,1981-06-01,-0.00198397992247288,1.00177119789847,0.96815179424391,2735
198107,1981-07-01,-0.00260768821493589,1.00326814088605,0.981353905314186,2737
198108,1981-08-01,-0.000846833704270331,1.00414560572359,0.982277878449055,2731
198109,1981-09-01,0.00213308976315818,1.00341356267663,0.990949285957915,2739
198110,1981-10-01,0.00361396844054495,1.00396720326134,0.992468864785923,2735
198111,1981-11-01,0.00684507813943383,1.00278296554627,0.994999802702043,2731
198112,1981-12-01,0.0262618131121354,0.992194099636427,0.986346929182726,2721
198201,1982-01-01,0.0327998583692598,0.988245152180746,0.981973086629489,2644
198202,1982-02-01,0.0367209800660639,0.988188596949269,0.980473901023675,2652
198203,1982-03-01,0.0502163168963665,0.982109885002751,0.97492851447707,2647
198204,1982-04-01,0.0598365187197381,0.978570021248621,0.966367605175144,2635
198205,1982-05-01,0.061257460509246,0.978988331133736,0.965663105082191,2628
198206,1982-06-01,0.000848047797917011,1.0012079857952,0.973255852560358,2804
198207,1982-07-01,0.00223883729344721,1.00125206675076,0.980388268621456,2786
198208,1982-08-01,0.00480451019584012,1.00011483704452,0.981394049436061,2781
198209,1982-09-01,0.00724668418393856,1.00043665525622,0.983324662815536,2781
198210,1982-10-01,0.00405741911915496,1.00508335555775,0.989663616383148,2765
198211,1982-11-01,0.0071055976361515,1.00323379249725,0.993371616837633,2755
198212,1982-12-01,0.0254633605988855,0.990061113121841,0.973654264447449,2738
198301,1983-01-01,0.0298861358354618,0.986563059268253,0.968452605346731,2699
198302,1983-02-01,0.0313911831313158,0.985911120891188,0.966077975396114,2685
198303,1983-03-01,0.0337442021422556,0.985911734767318,0.956669936681207,2674
198304,1983-04-01,0.0298766427389612,0.989143165044762,0.955022478053092,2663
198305,1983-05-01,0.0277525011105911,0.992691539576371,0.957949035570545,2654
198306,1983-06-01,-0.0184315285786632,1.02846874939013,0.891999866900184,2851
198307,1983-07-01,-0.0141568775825473,1.02492929197347,0.900242217703269,2844
198308,1983-08-01,-0.0164963392020902,1.0275120481943,0.905317595904832,2829
198309,1983-09-01,-0.0152464935932641,1.02696977896563,0.909534630610766,2820
198310,1983-10-01,0.00404015046280076,1.0051455029801,0.986348747077463,2817
198311,1983-11-01,0.00655830211672672,1.00366071156826,0.988550925236689,2812
198312,1983-12-01,0.0304124813105798,0.981436557513576,0.970060267717797,2798
198401,1984-01-01,0.0347558229006018,0.978461936639697,0.965594875129434,2756
198402,1984-02-01,0.0401229956744607,0.97656265137304,0.963727513665499,2747
198403,1984-03-01,0.062806342427311,0.954796951710304,0.942555869621498,2725
198404,1984-04-01,0.0721989668696129,0.947551633040042,0.937952117849697,2710
198405,1984-05-01,0.0774798294575383,0.944875259549342,0.931877250304995,2695
198406,1984-06-01,0.155483815542604,0.794316448238787,0.736850554095494,3053
198407,1984-07-01,0.138170135460821,0.817572089798153,0.788841523477908,3028
198408,1984-08-01,0.141488862586929,0.813769739623103,0.790651477648948,3008
198409,1984-09-01,0.00442955210568529,1.00155016977415,0.971533992299517,2989
198410,1984-10-01,0.0053111354671081,1.00215209178563,0.972327620151221,2969
198411,1984-11-01,0.00776405466095506,1.00199664074857,0.976122602671803,2947
198412,1984-12-01,0.0257359839591134,0.978858672184007,0.961893340433654,2908
198501,1985-01-01,0.0280769977836991,0.976640854170784,0.957226664293906,2877
198502,1985-02-01,0.0338168820771942,0.969827543818324,0.95129191680788,2857
198503,1985-03-01,0.0395480001714909,0.962431088578906,0.940152801236985,2832
198504,1985-04-01,0.0410117277069253,0.962576709269543,0.938066075659753,2819
198505,1985-05-01,0.045924566821313,0.955435402287443,0.931683170082511,2800
198506,1985-06-01,0.00525301312258938,1.01654062260133,0.897531844912178,2939
198507,1985-07-01,0.0054181617059575,1.01406572189184,0.924944096711987,2916
198508,1985-08-01,0.00918960404798826,1.00958572564544,0.938772013972857,2901
198509,1985-09-01,0.00638376779299191,1.00896604192878,0.959340004955512,2880
198510,1985-10-01,0.00592528775503951,1.00793111222978,0.97343382935661,2863
198511,1985-11-01,0.00393933962069369,1.01008607043043,0.976796630531228,2848
198512,1985-12-01,0.0379012009333072,0.969960720552966,0.949340225769043,2819
198601,1986-01-01,0.0398761458134612,0.968965567723952,0.944554941318497,2787
198602,1986-02-01,0.042620590081724,0.965488507818755,0.937113909985092,2769
198603,1986-03-01,0.0595353549233721,0.943581318070477,0.917298585147515,2750
198604,1986-04-01,0.0637017258907993,0.939493172658177,0.90634317116068,2725
198605,1986-05-01,0.0657087876969225,0.935501107740146,0.901654000491433,2702
198606,1986-06-01,0.0149290926936989,1.01217009777375,0.873636341150183,3058
198607,1986-07-01,0.0161804577812925,1.01302932748633,0.878390107663467,3048
198608,1986-08-01,0.0105787975369353,1.01808499170209,0.890116605238046,3031
198609,1986-09-01,0.0105421576179603,1.00475058626429,0.948011086710746,3023
198610,1986-10-01,0.00782266385675,1.005834763797,0.96077349743591,3001
198611,1986-11-01,0.00710863348315201,1.00409292601303,0.969796216936954,2973
198612,1986-12-01,0.0350622473125495,0.967199326157785,0.94740048150426,2941
198701,1987-01-01,0.0450983500569261,0.954077897307016,0.921925504086638,2867
198702,1987-02-01,0.0512935531626252,0.94519548988187,0.909991987452477,2846
198703,1987-03-01,0.0720980354333317,0.91851995058702,0.856047805132114,2834
198704,1987-04-01,0.0767066479832032,0.911624077067854,0.845995772697874,2816
198705,1987-05-01,0.0829190272569136,0.904514970312674,0.8378532590168,2802
198706,1987-06-01,-0.0157887542910176,1.03785178262879,0.933209379911764,3095
198707,1987-07-01,-0.014406977439976,1.03570542529435,0.942921191646614,3085
198708,1987-08-01,-0.0136179199086479,1.03549021688533,0.947580553596771,3077
198709,1987-09-01,-0.0122446259128416,1.03038887463395,0.957756277552153,3069
198710,1987-10-01,-0.0142459677793275,1.031786477214,0.963503463474465,3048
198711,1987-11-01,-0.0153344552976447,1.03413070804027,0.973269577307095,3023
198712,1987-12-01,0.0162928016161233,0.987888316015421,0.930616551903974,2999
198801,1988-01-01,0.0202433722629437,0.984380718183086,0.925040889763142,2952
198802,1988-02-01,0.0222491709707077,0.984771053094243,0.918317788961005,2933
198803,1988-03-01,0.0326072047228773,0.975496836577159,0.9021915270572,2899
198804,1988-04-01,0.0364747471798572,0.973203776257809,0.897888052323897,2880
198805,1988-05-01,0.0411235870438144,0.966914935274564,0.892489719225571,2855
198806,1988-06-01,-0.0214453317568885,1.05039809665907,0.90967552871746,3076
198807,1988-07-01,-0.0179964671787334,1.04549051670864,0.915118979939014,3054
198808,1988-08-01,-0.0148257332938566,1.04077802121783,0.922257415146417,3033
198809,1988-09-01,-0.0138918141261438,1.03554915237665,0.931368795963629,3018
198810,1988-10-01,-0.0139495781515067,1.03474451024513,0.938140599069764,3000
198811,1988-11-01,-0.0168230196897467,1.03504937663643,0.946319894747414,2983
198812,1988-12-01,0.0219613138023141,0.988987773041772,0.906896390531086,2942
198901,1989-01-01,0.0257621067824904,0.984912088174028,0.902524589121118,2889
198902,1989-02-01,0.0301359356127453,0.978654988955004,0.913234206009747,2871
198903,1989-03-01,0.0457635396583573,0.961894578321395,0.889119801669248,2842
198904,1989-04-01,0.05073642069161,0.955866013174573,0.881759115808468,2826
198905,1989-05-01,0.0533256046020565,0.952675182932482,0.876971241209006,2810
198906,1989-06-01,0.00746701843036344,1.01290946437713,0.918109662443202,3140
198907,1989-07-01,0.00999627537615211,1.01178830903696,0.925182287802681,3127
198908,1989-08-01,0.0111138735155018,1.01004516779142,0.933433132604599,3106
198909,1989-09-01,0.0185445507690712,0.99581271850736,0.956680135177098,3104
198910,1989-10-01,0.0158803036939288,0.996558538655169,0.966016756899133,3086
198911,1989-11-01,0.0107316981415125,1.00238111495503,0.975453670297994,3071
198912,1989-12-01,0.0686243012882209,0.92648540662437,0.916935583314357,3036
199001,1990-01-01,0.071438979923622,0.921727964726271,0.912110571972781,2986
199002,1990-02-01,0.0736315116679883,0.919379277438141,0.905841250962918,2978
199003,1990-03-01,0.0795152965143748,0.912273414269025,0.894523773992149,2960
199004,1990-04-01,0.0901347328255047,0.899924486188325,0.881930148525362,2941
199005,1990-05-01,0.0917959052134267,0.898441789669026,0.88050365771633,2926
199006,1990-06-01,0.00912406901822166,1.0221043618865,0.878193988257062,3249
199007,1990-07-01,0.0143910778038296,1.00996323714214,0.917498188516139,3233
199008,1990-08-01,0.0172075139936285,1.00529505740152,0.921271852986503,3216
199009,1990-09-01,0.00857630436904407,1.01295369323356,0.945861846841563,3202
199010,1990-10-01,0.00607012582537278,1.01322133453846,0.962994803360523,3195
199011,1990-11-01,0.00378383167707375,1.01242756721683,0.969928700878967,3176
199012,1990-12-01,0.031348327997256,0.977426077828897,0.939606923467485,3163
199101,1991-01-01,0.0346199022105965,0.971806589116472,0.938552621435179,3134
199102,1991-02-01,0.0367962598370751,0.969870999146606,0.932887087953138,3116
199103,1991-03-01,0.0438981767926918,0.959881888536825,0.918859063162428,3096
199104,1991-04-01,0.0499712230473162,0.952651524858702,0.909280284450755,3074
199105,1991-05-01,0.0536063646387755,0.947191347462121,0.90540783961999,3069
199106,1991-06-01,0.0268530464886805,1.02200486192966,0.867907305670173,3205
199107,1991-07-01,0.0241011771649639,1.01634522410443,0.875791028106494,3199
199108,1991-08-01,0.0245626730865886,1.00955089393874,0.888646275597404,3178
199109,1991-09-01,0.0126485784856027,1.01060668911996,0.973816860636604,3170
199110,1991-10-01,0.00888447020288581,1.01211651190451,0.979456196445123,3161
199111,1991-11-01,0.00923064644214485,1.00724338272251,0.989733942780514,3141
199112,1991-12-01,0.0193488391950717,0.991158842152717,0.976723928460828,3113
199201,1992-01-01,0.0522066392973337,0.960271600730607,0.961282878911733,3074
199202,1992-02-01,0.0596026079280831,0.954929996037532,0.952935962988482,3062
199203,1992-03-01,0.0658307492735443,0.947835871376364,0.945641672741539,3041
199204,1992-04-01,0.0959442632050561,0.921468637300074,0.9176673768812,3031
199205,1992-05-01,0.112239819106695,0.906227492106141,0.908204890163411,3012
199206,1992-06-01,0.00593824312320513,1.0212952341971,0.888409156043439,3179
199207,1992-07-01,0.0381298117120892,0.977401647350888,0.91843925788243,3141
199208,1992-08-01,0.0382013454101691,0.975332272090061,0.923362052963988,3116
199209,1992-09-01,0.0120942932485379,1.00788400300672,0.964441203340429,3099
199210,1992-10-01,0.0115725685902591,1.00635583901189,0.967484612975747,3086
199211,1992-11-01,0.0260714167526586,0.986695857271902,0.980624465774184,3073
199212,1992-12-01,0.0429656796265546,0.972213011879289,0.968251550927292,3056
199301,1993-01-01,0.0491984821949341,0.963112514423879,0.962949414966625,3032
199302,1993-02-01,0.0526677164498574,0.9611814859079,0.96040843620501,3027
199303,1993-03-01,0.0595394338623148,0.954786195716134,0.953182586026976,3004
199304,1993-04-01,0.0620925797485085,0.954884524206049,0.943578945596994,2983
199305,1993-05-01,0.0621438090670047,0.955589210411206,0.941584714668614,2980
199306,1993-06-01,-0.0314226115243185,1.0692966736915,0.933980617931668,3212
199307,1993-07-01,0.0115988737965243,1.00870981427416,0.953619915673429,3202
199308,1993-08-01,0.0125241098623132,1.00479147087167,0.958312259569701,3194
199309,1993-09-01,0.00439663053464724,1.01632434059126,0.968394887818075,3193
199310,1993-10-01,0.00418418003922945,1.01548878287486,0.969979177162637,3185
199311,1993-11-01,0.0042943318498129,1.01550729999691,0.970680985597707,3180
199312,1993-12-01,0.0246295142735843,0.987864585315996,0.947238910447337,3158
199401,1994-01-01,0.0261409474910544,0.985776637663424,0.943806660425476,3118
199402,1994-02-01,0.0295884109134191,0.982563739346218,0.936943107097838,3104
199403,1994-03-01,0.0352323987921837,0.979156215133719,0.929182099356045,3081
199404,1994-04-01,0.0705522996679092,0.933086716365721,0.904484719560012,3072
199405,1994-05-01,0.0725938517535953,0.932244569394111,0.903503585748752,3064
199406,1994-06-01,-0.00281654901786333,1.02699992992477,0.826799496219764,3354
199407,1994-07-01,0.0130543869341339,0.993499656831327,0.943615711030276,3344
199408,1994-08-01,0.0123421051520809,0.995731405048788,0.947758668586446,3341
199409,1994-09-01,0.0137441874009032,0.998800514400063,0.955031833296897,3340
199410,1994-10-01,0.0130838214646625,1.00211071100874,0.958230041573311,3325
199411,1994-11-01,0.0118512350400963,1.00296007394237,0.968070634021282,3317
199412,1994-12-01,0.0208979422068746,0.995949940242935,0.956939481958552,3294
199501,1995-01-01,0.0230109230212028,0.994140336614669,0.956304369176939,3240
199502,1995-02-01,0.0245755581418037,0.993450086363671,0.955309578166291,3238
199503,1995-03-01,0.0289334736097989,0.99137966317209,0.947798659181937,3219
199504,1995-04-01,0.0327154541513156,0.990039657047009,0.943643182460325,3185
199505,1995-05-01,0.0337123737808268,0.988448691301963,0.940921405950063,3176
199506,1995-06-01,0.0703320796491428,0.923512789491751,0.842792378877875,3553
199507,1995-07-01,0.0752427822531558,0.908394527498482,0.90837893302558,3540
199508,1995-08-01,0.0764019793881628,0.907056947634028,0.910803922225263,3519
199509,1995-09-01,0.013589473692631,0.996813235247175,0.971561399661172,3516
199510,1995-10-01,0.0152867899690038,0.993768018571521,0.977787578098004,3495
199511,1995-11-01,0.0159248060828085,0.994799359499386,0.979672108529379,3479
199512,1995-12-01,0.0253474231582298,0.98551311399983,0.96990295609827,3456
199601,1996-01-01,0.0334491225954164,0.974267974314657,0.961689550640414,3407
199602,1996-02-01,0.0399297208257156,0.96710314923895,0.953766335647659,3395
199603,1996-03-01,0.0474755941590924,0.966083159471136,0.943949533293888,3366
199604,1996-04-01,0.0462857468240983,0.973308993922006,0.925448320670813,3349
199605,1996-05-01,0.0502428611404212,0.966809557669212,0.931191689345953,3341
199606,1996-06-01,-0.016558613894998,1.05398035431212,0.852883175448326,3794
199607,1996-07-01,-0.00587979725208609,1.02329636784154,0.969141949099673,3789
199608,1996-08-01,-0.00444407090098199,1.0205662402703,0.97271441665633,3769
199609,1996-09-01,0.0136254521158052,0.991393059380284,0.983795923383048,3767
199610,1996-10-01,0.0125180249774245,0.992334236843596,0.988319468606429,3746
199611,1996-11-01,0.0132857228545,0.991930859988582,0.99164365633026,3735
199612,1996-12-01,0.0269861642661432,0.976566160699934,0.979358459091753,3709
199701,1997-01-01,0.0302417875146502,0.971050568725311,0.973826430199238,3627
199702,1997-02-01,0.0336199368411256,0.96853873615315,0.970247925005932,3630
199703,1997-03-01,0.0461012900106365,0.95631768135606,0.949965514932265,3597
199704,1997-04-01,0.0512872980141908,0.951713505372465,0.943949202806896,3583
199705,1997-05-01,0.0518164785561517,0.955448057377799,0.92814673738398,3563
199706,1997-06-01,0.00738448087190384,1.00024290501817,0.948252593558164,3965
199707,1997-07-01,0.0132604158930728,0.991437649664649,0.964539128185242,3942
199708,1997-08-01,0.0145031230012677,0.987626419924382,0.97124955897503,3915
199709,1997-09-01,0.0132414716905889,0.988558021322039,0.985909441295915,3898
199710,1997-10-01,0.0134621908216465,0.989601113085849,0.986718532003273,3876
199711,1997-11-01,0.0144882522858189,0.989888772726313,0.989873057261309,3848
199712,1997-12-01,0.0252881169048212,0.976140383136714,0.976426084457464,3813
199801,1998-01-01,0.0281295780697494,0.973086013711283,0.969611824121178,3737
199802,1998-02-01,0.0394783355039483,0.954996077636885,0.94395745254202,3711
199803,1998-03-01,0.0470974039634801,0.946081442706842,0.921485896667975,3678
199804,1998-04-01,0.0401435720249688,0.962703536686683,0.931927134818289,3634
199805,1998-05-01,0.0405677361287321,0.963597617596152,0.929989980314831,3611
199806,1998-06-01,-0.00831459335732487,1.03457776625477,0.908980963258837,3962
199807,1998-07-01,0.00322666672726456,1.01178604248503,0.932610234841749,3924
199808,1998-08-01,0.0094973945094511,0.999447477889098,0.935870288955072,3885
199809,1998-09-01,0.00589867165107407,1.00389404697505,0.964478729431876,3862
199810,1998-10-01,0.00744464535343059,1.00132875486223,0.974462730641476,3821
199811,1998-11-01,0.00759042547667293,1.00055159053737,0.978899968167571,3769
199812,1998-12-01,0.0206421106899265,0.9813426200441,0.967269342140223,3715
199901,1999-01-01,0.0224132068568973,0.98125068244351,0.964119535288602,3643
199902,1999-02-01,0.0241020924854525,0.980066498294196,0.960554052974782,3604
199903,1999-03-01,0.0288548536659681,0.972206323318226,0.943686113873373,3565
199904,1999-04-01,0.031839554385769,0.969264386999049,0.935636257486009,3512
199905,1999-05-01,0.0321614930673704,0.970836672769729,0.93416348492215,3478
199906,1999-06-01,0.00223327062934932,1.0165798247223,0.948818976479345,3966
199907,1999-07-01,0.00363310925487364,1.01381806084471,0.955143401611548,3919
199908,1999-08-01,0.00419338649223219,1.01281043977731,0.955651510881157,3879
199909,1999-09-01,0.00407287242952777,1.0101156268361,0.964987164345993,3842
199910,1999-10-01,0.00834928703049956,1.00157251933118,0.985646881816022,3802
199911,1999-11-01,0.00850179535790585,1.00056212364834,0.986739782062149,3773
199912,1999-12-01,0.0228099546488492,0.979566510296345,0.967359383014114,3705
200001,2000-01-01,0.0261390206923042,0.975439994495292,0.961594633098402,3655
200002,2000-02-01,0.0252253882838893,0.976486968505873,0.967298133132835,3629
200003,2000-03-01,0.0321723078953302,0.968941460785299,0.955665692341109,3588
200004,2000-04-01,0.0342825215242081,0.967676350844957,0.951704215945881,3555
200005,2000-05-01,0.0296795278861154,0.976897340055782,0.958480617588979,3524
200006,2000-06-01,-0.00763637923830781,1.0155905232907,0.970030394939304,3864
200007,2000-07-01,-0.000770987144181752,1.00673734652586,0.976583133592469,3826
200008,2000-08-01,-0.00107455466068058,1.00625086555305,0.979369329830318,3797
200009,2000-09-01,0.00125592969777124,1.00866246183175,0.984179529907583,3752
200010,2000-10-01,0.00196593250502412,1.00763908747905,0.986395634747439,3705
200011,2000-11-01,0.00162385849030427,1.00784574597366,0.986793311893814,3648
200012,2000-12-01,0.0144111940416928,0.996739153625606,0.975967162030618,3592
200101,2001-01-01,0.0150591017431609,0.9984520407347,0.974216215459509,3533
200102,2001-02-01,0.0167653925331617,0.996663724740755,0.971311537443399,3482
200103,2001-03-01,0.0295584367185978,0.980843272634474,0.960267322631675,3439
200104,2001-04-01,0.031493959490608,0.979851913427136,0.958373529131162,3402
200105,2001-05-01,0.0318659669771705,0.97950395831107,0.95724272900907,3358
200106,2001-06-01,-0.00457516018794187,1.02323801363623,0.96661174343692,3562
200107,2001-07-01,0.00342137675378239,1.01173093244478,0.97405318547289,3530
200108,2001-08-01,0.00404791071390646,1.01081174664075,0.974632149145664,3487
200109,2001-09-01,0.00334228975760457,1.01019253827295,0.979248604876913,3440
200110,2001-10-01,0.00167261869950241,1.00930762491302,0.980569124719138,3413
200111,2001-11-01,-0.000268524889029337,1.0078424666259,0.9915854195982,3383
200112,2001-12-01,0.0226828189681418,0.975853317575476,0.968344275069285,3337
200201,2002-01-01,0.0314492617402872,0.96395927897537,0.958739455355783,3294
200202,2002-02-01,0.0291863161935381,0.966050589025309,0.95924620481028,3271
200203,2002-03-01,0.0657068409737518,0.922979290844987,0.929633700946513,3236
200204,2002-04-01,0.0638792424162292,0.923514014147475,0.934654739454703,3206
200205,2002-05-01,0.0668028944983376,0.920534830792903,0.932058588960737,3180
200206,2002-06-01,0.0204463209135752,1.00870437071034,0.957370633774658,3442
200207,2002-07-01,0.0151310138747764,1.00094999768587,0.981826375188404,3428
200208,2002-08-01,0.0167918201126067,0.996406576602335,0.985268387386047,3404
200209,2002-09-01,0.00836489192335248,0.997345714373697,0.991602579235528,3386
200210,2002-10-01,0.00693303693351052,0.997409589091932,0.992690817219406,3367
200211,2002-11-01,0.00572869977071419,0.996561475433463,0.995184095064258,3335
200212,2002-12-01,0.00815517899604218,0.983917656156958,0.986259640353971,3303
200301,2003-01-01,0.00738213302247663,0.982979173143422,0.985222009721337,3263
200302,2003-02-01,0.0122125199665007,0.976094604955731,0.980617710456524,3241
200303,2003-03-01,0.0122061957498201,0.974955869898852,0.976035188753012,3206
200304,2003-04-01,0.013652616790454,0.974644849312969,0.975645773868689,3172
200305,2003-05-01,0.0131847132644157,0.974279145414781,0.976370496087868,3151
200306,2003-06-01,0.00251451162774199,1.02705511684211,0.941769285858933,3416
200307,2003-07-01,0.00990364783910985,1.01275710299466,0.964482512077487,3384
200308,2003-08-01,0.00912572128160284,1.01299265834175,0.964121458609513,3366
200309,2003-09-01,0.00175598031995845,1.0079327044124,0.987659767215858,3342
200310,2003-10-01,0.000463261763743054,1.00528900116108,0.99404285947657,3317
200311,2003-11-01,0.00112347095599917,1.00332661479564,0.994462169713352,3296
200312,2003-12-01,0.0143424911336404,0.984528773409032,0.98067531531921,3265
200401,2004-01-01,0.0145639507921094,0.982969531037074,0.978994275684671,3234
200402,2004-02-01,0.0164887379594704,0.979164121941974,0.976941892845374,3215
200403,2004-03-01,0.0307590546914313,0.958934291966419,0.96674289417035,3193
200404,2004-04-01,0.0336257903248839,0.955943772285002,0.963987179132827,3172
200405,2004-05-01,0.036041565806607,0.952751604255829,0.961130461582219,3155
200406,2004-06-01,0.010058459082418,0.97802506537165,0.958278968929023,3227
200407,2004-07-01,0.00998018123098171,0.978847243697602,0.969223379071961,3213
200408,2004-08-01,0.00499219784984944,0.989522689634078,0.978951839651977,3194
200409,2004-09-01,0.0069628078867594,0.988791467003984,0.981586853358901,3189
200410,2004-10-01,0.00799275322089516,0.987814936331156,0.982309980945996,3175
200411,2004-11-01,0.00843586583053959,0.988253916073977,0.983883048893771,3159
200412,2004-12-01,0.02059290565203,0.973292138396734,0.967541293455104,3136
200501,2005-01-01,0.0204416047611351,0.973062944653111,0.971161398197313,3105
200502,2005-02-01,0.0236785300319782,0.967859457748205,0.96184621834773,3094
200503,2005-03-01,0.0303018188330306,0.963694961515139,0.951153295098502,3078
200504,2005-04-01,0.0309358881557599,0.964190839298021,0.949362902769103,3059
200505,2005-05-01,0.0318895366044306,0.962858218155082,0.945725334221512,3040
200506,2005-06-01,0.00769212624762962,0.985632612564198,0.960748311493719,3102
200507,2005-07-01,0.00749469648052697,0.984826799757101,0.977019351601096,3089
200508,2005-08-01,0.00724530241837864,0.984883355433376,0.98090359433383,3064
200509,2005-09-01,0.00271397298380999,0.997246632010565,0.990611773258718,3048
200510,2005-10-01,0.00294774076392809,0.998239811949841,0.992953382129452,3028
200511,2005-11-01,0.00305590217157272,0.99856206803067,0.995738832741431,3007
200512,2005-12-01,0.0104186842678669,0.985319228618934,0.98520073603222,2982
200601,2006-01-01,0.0111281083332443,0.984641720887685,0.983755643139558,2945
200602,2006-02-01,0.0124119496896993,0.983872193816157,0.978198926465139,2928
200603,2006-03-01,0.0169320410985868,0.979848964019625,0.967422114336873,2906
200604,2006-04-01,0.0183132913416574,0.978579066595016,0.9629833858687,2885
200605,2006-05-01,0.0189949030542452,0.976822682754347,0.963910371787218,2869
200606,2006-06-01,-0.00455303414669873,1.01301877006638,0.951993031882319,2937
200607,2006-07-01,0.000674775974442954,1.00226152428694,0.980755961461328,2914
200608,2006-08-01,0.000699555637060798,1.00217786438176,0.981416110407883,2901
200609,2006-09-01,0.00361962940363559,0.996338201815877,0.993923541201978,2889
200610,2006-10-01,0.00420407127947618,0.99579047671149,0.994263116945143,2876
200611,2006-11-01,0.00392120855321053,0.997474264751173,0.996710802469807,2858
200612,2006-12-01,0.01484682459717,0.98129427073814,0.983623543630253,2829
200701,2007-01-01,0.0162039595269998,0.979637583956422,0.980437503574952,2795
200702,2007-02-01,0.0177245480638834,0.977442342104487,0.976692313508891,2767
200703,2007-03-01,0.0225285446102986,0.972948520062013,0.969383738513883,2751
200704,2007-04-01,0.0245942640453893,0.968450758316025,0.962699699070529,2730
200705,2007-05-01,0.0245107000879443,0.97052083233661,0.963699645120177,2710
200706,2007-06-01,0.00164185726741714,1.00067188714555,0.969850949949981,2877
200707,2007-07-01,0.00384096632371784,0.996438766647305,0.976687745063865,2856
200708,2007-08-01,0.00384418228421532,0.995908329700271,0.978787658956565,2837
200709,2007-09-01,0.00275499590784889,0.997544206592733,0.987688597529994,2810
200710,2007-10-01,0.00346906142281234,0.996087336466572,0.99214562568512,2788
200711,2007-11-01,0.00299955286572459,0.997986759463464,0.9946778902726,2762
200712,2007-12-01,0.0101983077274003,0.984102677514619,0.983741597597918,2732
200801,2008-01-01,0.0109419660408539,0.983161088901329,0.982564292475516,2694
200802,2008-02-01,0.0110381750910548,0.984301584682717,0.98181777559781,2690
200803,2008-03-01,0.0153513058500517,0.978729607865171,0.964837439201008,2676
200804,2008-04-01,0.0167271524757452,0.976976209247779,0.960404744062346,2658
200805,2008-05-01,0.0179222453805372,0.975114557261007,0.954164514607944,2632
200806,2008-06-01,0.00391167350912985,1.00956773605558,0.957511168683993,2797
200807,2008-07-01,0.00743230943860621,0.997708403397935,0.964087214691052,2784
200808,2008-08-01,0.00805388160573435,0.995065829382791,0.965030154005219,2768
200809,2008-09-01,0.00549671682879293,0.997275043410996,0.982990368311139,2744
200810,2008-10-01,0.00275733406287506,1.00082196017883,0.992669289533888,2727
200811,2008-11-01,0.00143010109494794,1.00152954704213,0.996969846169307,2701
200812,2008-12-01,0.0153755264424664,0.970839986245447,0.974966662504746,2682
200901,2009-01-01,0.0169093972456347,0.967934379725837,0.969671846631377,2657
200902,2009-02-01,0.0173640041547783,0.967108575056555,0.968935654755304,2642
200903,2009-03-01,0.0329725881473872,0.938417953513796,0.940164386174824,2620
200904,2009-04-01,0.0426275421114832,0.917813061726319,0.918360719992845,2600
200905,2009-05-01,0.0431855977410821,0.915255846433571,0.916343712564883,2582
200906,2009-06-01,-0.0171011943009774,1.0692781055134,0.841755575958299,2675
200907,2009-07-01,0.00437252277446675,1.03462929736774,0.857540847253908,2660
200908,2009-08-01,0.0075753239821558,1.01715531393845,0.965436306700452,2644
200909,2009-09-01,-0.00194123534600894,1.01117477082938,0.989569456991377,2641
200910,2009-10-01,-0.0041127804172376,1.01017961778304,0.9908201576182,2633
200911,2009-11-01,0.00447409463125769,1.00042286762953,0.998532028330381,2614
200912,2009-12-01,0.00887916591453734,0.985825494186786,0.984320772226872,2586
201001,2010-01-01,0.0265086507036157,0.967749826478253,0.974728961424268,2563
201002,2010-02-01,0.0252958107071376,0.96666699983949,0.973627780992357,2550
201003,2010-03-01,0.0738853751678786,0.915736110809642,0.938231491311467,2532
201004,2010-04-01,0.0736332063240355,0.913727957193627,0.936188381429786,2516
201005,2010-05-01,0.0741423504579175,0.913407166458716,0.935893223941534,2502
201006,2010-06-01,-0.00770006320217013,1.0152895263392,0.967998636194325,2650
201007,2010-07-01,-0.000158086840158486,1.00373577516612,0.980109603644782,2641
201008,2010-08-01,0.00183930698050368,1.00123866437679,0.98078509106042,2618
201009,2010-09-01,0.00178565182458499,1.00146948086567,0.988358348555883,2604
201010,2010-10-01,0.00300767361378247,1.00036106834485,0.989872516201968,2590
201011,2010-11-01,0.00352725152372056,1.00022235025915,0.990039581721262,2570
201012,2010-12-01,0.00721510537503052,0.996317919430889,0.986450128053964,2547
201101,2011-01-01,0.0102597350528007,0.992788711112007,0.984480759580771,2518
201102,2011-02-01,0.0111421181382773,0.992850440814974,0.983655114747606,2505
201103,2011-03-01,0.0212414181894913,0.980692404169043,0.975033531854715,2487
201104,2011-04-01,0.0229185587493024,0.979525741560011,0.971320591340327,2472
201105,2011-05-01,0.0235653846966206,0.979109045161724,0.971016792882982,2461
201106,2011-06-01,-0.00046370221385008,1.00435987056249,0.973776685010681,2529
201107,2011-07-01,0.000667320208591199,1.00295476839602,0.972116942685062,2502
201108,2011-08-01,0.000937193715897094,1.00214006347093,0.973215432702146,2493
201109,2011-09-01,0.00137401807191365,1.00378934541762,0.97835515814535,2483
201110,2011-10-01,0.0016885728577569,1.00035692370658,0.99588449440566,2476
201111,2011-11-01,0.00193994145754837,1.00079625370736,0.996584779811477,2459
201112,2011-12-01,0.012664894760042,0.98586815080771,0.982082146093265,2446
201201,2012-01-01,0.0141825699911765,0.982927225129648,0.980076728623429,2425
201202,2012-02-01,0.0159560470298968,0.980966257180421,0.978173727822995,2413
201203,2012-03-01,0.0357596783554787,0.948998121300605,0.952402374717465,2395
201204,2012-04-01,0.0360982457334172,0.949279012020318,0.951799340674895,2380
201205,2012-05-01,0.0350858326847166,0.951990902042557,0.949860837347062,2370
201206,2012-06-01,-0.0069124057648188,1.02260135578109,0.973663857353877,2461
201207,2012-07-01,0.00846503461127612,0.998565282232772,0.977298877236096,2448
201208,2012-08-01,0.00820435318252601,0.998028234187462,0.978357704429014,2429
201209,2012-09-01,0.0046671774315248,0.999994910650946,0.988793537942517,2419
201210,2012-10-01,0.00245033037582392,0.999646519796116,0.997724504208453,2402
201211,2012-11-01,0.00268946188357461,0.999176117612439,0.998387927140733,2382
201212,2012-12-01,0.00715777658806523,0.991913429805809,0.991677267955179,2369
201301,2013-01-01,0.00731833550965959,0.990975295830185,0.990309135774371,2347
201302,2013-02-01,0.00782263941991305,0.990598911595176,0.989965886599176,2341
201303,2013-03-01,0.0156461613209128,0.980829005179853,0.983707070107735,2328
201304,2013-04-01,0.0166208130596549,0.979666519730869,0.982318829993145,2312
201305,2013-05-01,0.016831476564718,0.979859576720443,0.981995513745984,2305
201306,2013-06-01,0.00382567221457753,1.00556155520941,0.989516744224051,2389
201307,2013-07-01,0.00328603148024037,1.00386614092482,0.991659967226121,2372
201308,2013-08-01,0.0029558127496067,1.00277319940477,0.994101405903921,2361
201309,2013-09-01,0.00243178764834217,1.00020112208941,0.997274514754931,2349
201310,2013-10-01,0.00174544379302087,1.00072377449854,0.998542508208458,2336
201311,2013-11-01,0.00179207193349583,1.00020508426392,0.998963338899023,2320
201312,2013-12-01,0.0557715670893108,0.921282184320342,0.951746547164488,2301
201401,2014-01-01,0.0560517737640815,0.920785700728851,0.951422838837761,2285
201402,2014-02-01,0.0566487229865722,0.920416904463139,0.951147211223921,2269
201403,2014-03-01,0.0605990602797966,0.918829456611156,0.950538319523414,2253
201404,2014-04-01,0.0615656895593849,0.918568892328863,0.950245153644906,2243
201405,2014-05-01,0.0619220980209464,0.91836060158301,0.95002581495186,2235
201406,2014-06-01,-0.00127643926129063,1.00605642940294,0.990058698318843,2325
201407,2014-07-01,0.00083699028006061,1.00117773444878,0.992487382871714,2318
201408,2014-08-01,0.000931874881895341,1.00100501165813,0.992461903136279,2308
201409,2014-09-01,0.00191796732504974,0.998853273379811,0.997765664888534,2303
201410,2014-10-01,0.00196757675009649,0.999368975122313,0.998373093079966,2295
201411,2014-11-01,0.00210526256258728,0.999284557087664,0.99853242549246,2280
201412,2014-12-01,0.0146098500634516,0.979769053940258,0.98116482110227,2269
201501,2015-01-01,0.0148317671950732,0.979945037080482,0.981176681458069,2248
201502,2015-02-01,0.0162100842269961,0.977659653681805,0.980045043510938,2236
201503,2015-03-01,0.0187619220780784,0.976614113676314,0.976802637149854,2220
201504,2015-04-01,0.0187734459781498,0.976460706279639,0.976227185899255,2206
201505,2015-05-01,0.0190776207077486,0.975964910634774,0.975393031558357,2198
201506,2015-06-01,0.00879377061802186,0.997185645143676,0.979504182920657,2292
201507,2015-07-01,0.00780491630781165,0.996544161800598,0.981022113480592,2280
201508,2015-08-01,0.00772868082992575,0.996038210951269,0.978599651348614,2265
201509,2015-09-01,0.00419051438248643,1.00027514248209,0.988499882441885,2258
201510,2015-10-01,0.00357810371410896,1.00038356892403,0.989722597114718,2244
201511,2015-11-01,0.00353657838210654,0.999997677974277,0.989990446923998,2225
201512,2015-12-01,0.00136885924076099,1.00191021609522,0.98505901570094,2210
201601,2016-01-01,0.00178485383564751,1.00207989149294,0.985257380114712,2191
201602,2016-02-01,0.00233923060068602,0.99856126528942,0.981710233545451,2173
201603,2016-03-01,0.00323645806623966,0.995627147331942,0.985703373042721,2156
201604,2016-04-01,0.00335836848804193,0.99540496765757,0.985359349962594,2146
201605,2016-05-01,0.00301121136618927,0.995276006889046,0.984681111584042,2130
201606,2016-06-01,0.00732145612273393,1.00426432789829,0.986719619026194,2244
201607,2016-07-01,0.00600777428713019,1.00247288782649,0.98787131301316,2233
201608,2016-08-01,0.00611897615348158,1.00237785200609,0.987397170595833,2219
201609,2016-09-01,0.00380648051116071,1.0012570456811,0.992713801067839,2207
201610,2016-10-01,0.00248261366677416,1.00076178294987,0.998413254077473,2185
201611,2016-11-01,0.00254128766039854,1.00042455807766,0.998590444685393,2176
201612,2016-12-01,0.027934981578514,0.954786804300632,0.976382928227942,2151
201701,2017-01-01,0.0280719866393427,0.955471228048199,0.976111854765256,2138
201702,2017-02-01,0.0284056944719563,0.953480085128053,0.974309374733371,2128
201703,2017-03-01,0.0298944755550959,0.952986916028087,0.971839215659861,2108
201704,2017-04-01,0.0301668001747822,0.952747522620721,0.971705898720563,2095
201705,2017-05-01,0.0313417862904937,0.950906812591659,0.971126208418526,2082
201706,2017-06-01,-0.0192569689519454,1.04654064445148,0.978576062651298,2266
201707,2017-07-01,-0.0173365824025042,1.04059913763661,0.981481786751757,2257
201708,2017-08-01,-0.0173844907783348,1.04064499798854,0.981523227187137,2252
201709,2017-09-01,0.00220715798148908,1.00157152576563,0.997194925741114,2241
201710,2017-10-01,0.0026374825784611,1.00158629443121,0.99717661459557,2224
201711,2017-11-01,0.00281787594095219,1.00064533614435,0.997615321978838,2211
201712,2017-12-01,0.00698678266760328,0.996510107489784,0.989690966453119,2191
201801,2018-01-01,0.00785658242405427,0.994932193016607,0.988257629411364,2173
201802,2018-02-01,0.00816169624468225,0.994523226885544,0.987967097376851,2169
201803,2018-03-01,0.0106195161259263,0.993046081360169,0.985416703621163,2156
201804,2018-04-01,0.0117856843243443,0.992585370294145,0.984882923967808,2143
201805,2018-05-01,0.0121395938487264,0.992542088951162,0.984691521067459,2136
201806,2018-06-01,-0.00127960915761663,1.01348670980992,0.980465354874816,2250
201807,2018-07-01,0.00272195720657457,1.00040416254829,0.988067062420949,2240
201808,2018-08-01,0.00200706704950307,1.00402543921247,0.991483481810754,2228
201809,2018-09-01,0.00197258234574031,1.00231272970598,0.996190884194514,2222
201810,2018-10-01,0.00205971616579596,1.00147499924843,0.996970989784672,2218
201811,2018-11-01,0.0021489511594511,1.00162821178884,0.997185628956364,2205
201812,2018-12-01,0.00389018976414596,0.997549379115548,0.994135132219778,2183
201901,2019-01-01,0.00399249952362413,0.996788466035078,0.994110488012075,2168
201902,2019-02-01,0.00446664009887831,0.996133084025082,0.993759741087429,2160
201903,2019-03-01,0.00544702375001914,0.994536998010837,0.992684736887052,2150
201904,2019-04-01,0.00563806606299111,0.994262228526315,0.991830020764274,2136
201905,2019-05-01,0.00599358633186264,0.994929662329123,0.992466413271786,2126
201906,2019-06-01,-0.0128698262489218,1.0370162928312,0.965760607213886,2234
201907,2019-07-01,-0.00184079135117068,1.01362448511729,0.976225202011765,2228
201908,2019-08-01,0.000413799252272402,1.00603646226961,0.993421761329043,2213
201909,2019-09-01,0.000640521139417991,1.00380982354443,0.994763361031478,2203
201910,2019-10-01,0.000702053890595972,1.00428357170778,0.995236962141911,2191
201911,2019-11-01,0.000693167280799469,1.00430630978663,0.995304409509132,2177
201912,2019-12-01,0.00067975759349722,1.00209856681569,0.992369314119395,2166
202001,2020-01-01,0.000619459302371828,1.00124520013378,0.988632485823959,2148
202002,2020-02-01,0.000718293533684657,1.00090934810006,0.988524189626425,2143
202003,2020-03-01,0.00227543229816589,0.995295060900042,0.988516098228151,2133
202004,2020-04-01,0.00244016347611621,0.995593464863154,0.987703781275221,2119
202005,2020-05-01,0.00252909170801538,0.995547817097547,0.987633249552108,2113
202006,2020-06-01,0.00777801752340286,1.02123279409976,0.877047200141521,2240
202007,2020-07-01,0.00353724526663686,1.00615387864278,0.986713316091748,2234
202008,2020-08-01,0.00327512141329968,1.00575803559974,0.986791966551433,2221
202009,2020-09-01,0.00389698807259316,1.00058247030641,0.997372918667557,2219
202010,2020-10-01,0.00326161777755115,1.00021110645593,0.997804171742835,2206
202011,2020-11-01,0.00331426628420357,1.00014216697457,0.997921645394423,2197
202012,2020-12-01,0.0597289730833005,0.911394349720464,0.945097122654177,2185
202101,2021-01-01,0.0601089889552062,0.910117972969195,0.944568214287339,2171
202102,2021-02-01,0.0605779758141877,0.909762931899731,0.944429350919583,2166
202103,2021-03-01,0.0609727213586678,0.912365502052383,0.935839466431026,2153
202104,2021-04-01,0.0610603125967669,0.911909893502245,0.935558941054093,2145
202105,2021-05-01,0.0615491714075945,0.911434013295888,0.935296252292876,2133
202106,2021-06-01,0.0100834950622307,0.993651708363141,0.951563874984847,2295
202107,2021-07-01,0.00168395832165216,0.994194738594302,0.990087736840823,2289
202108,2021-08-01,0.00172835379589542,0.994246750181587,0.990204424474302,2281
202109,2021-09-01,0.00284424673451413,0.994707014366412,0.990949567757204,2278
202110,2021-10-01,0.00366276014702258,0.994799040937429,0.991625829111449,2269
202111,2021-11-01,0.00178371321932107,1.00096635442792,0.998220321671431,2260
202112,2021-12-01,0.0216240461762257,0.976346865290523,0.975165886766383,2247
202201,2022-01-01,0.0223202195412852,0.975974632504348,0.975185865863923,2231
202202,2022-02-01,0.0233204877209696,0.97582524462092,0.974754865683011,2228
202203,2022-03-01,0.028249609975806,0.97958070779517,0.964741548909849,2223
202204,2022-04-01,0.0298441684023332,0.979524055237944,0.964312170567588,2210
202205,2022-05-01,0.0307551393314431,0.979940577492875,0.96337068692674,2203
202206,2022-06-01,0.00044190380030414,1.00011739472807,0.993601724651719,2355
202207,2022-07-01,0.00205205075210987,0.999707856983173,0.994297844982386,2346
202208,2022-08-01,0.00115628449607801,1.00010344385117,0.995229126927982,2335
202209,2022-09-01,0.0018519200018662,1.00024292088935,0.996317676569303,2329
202210,2022-10-01,0.00158333344675081,1.00085960547907,0.996883668830995,2316
202211,2022-11-01,0.00174531571896908,1.00091548930968,0.997406417470646,2305
202212,2022-12-01,0.00416048486211754,0.991760678658263,0.989682220542355,2296
202301,2023-01-01,0.00431019143797943,0.991272830693254,0.98883500932179,2281
202302,2023-02-01,0.00467093073188304,0.991203228265772,0.988720608907711,2273
202303,2023-03-01,0.0083829175301906,0.983482115559209,0.983297673805908,2255
202304,2023-04-01,0.00888870405485676,0.983345338491852,0.982740050205181,2244
202305,2023-05-01,0.00912486205935691,0.983447447509635,0.982641396782203,2239
202306,2023-06-01,0.00708202884066866,1.00134023861757,0.986237849543942,2406
202307,2023-07-01,0.00485525150568702,1.00277772021223,0.994135338978419,2400
202308,2023-08-01,0.00415899425222658,1.0028259005673,0.994314377724502,2385
202309,2023-09-01,0.00206274270670068,1.00273240971077,0.996563214362525,2376
202310,2023-10-01,0.00123749505221352,1.00175723247953,0.997426409875126,2366
202311,2023-11-01,0.00183955255842343,1.00155767062419,0.997717672458813,2354
202312,2023-12-01,0.0260254170866011,0.962867464856976,0.96746200634598,2334
202401,2024-01-01,0.0264259885733386,0.962360127906157,0.967032103703052,2319
202402,2024-02-01,0.0271891636845884,0.961323133020741,0.966125759817951,2313
202403,2024-03-01,0.0294660810842436,0.956234540383164,0.961239382646353,2296
202404,2024-04-01,0.0303645348991257,0.955980922776126,0.960726535357318,2285
202405,2024-05-01,0.0309694314161857,0.955315612077698,0.960225621528558,2274
202406,2024-06-01,-0.136303936128444,1.1943459285576,0.999779481808199,2586
202407,2024-07-01,-0.138665618896613,1.1943563584846,0.999791719133789,2577
202408,2024-08-01,-0.138338569070767,1.19435878988481,0.999792209787835,2560
202409,2024-09-01,-0.139976088201093,1.1944071880071,0.999818860984227,2548
202410,2024-10-01,-0.142395594522946,1.19437736128886,0.999818302187971,2535
202411,2024-11-01,-0.142521204021374,1.19437959925293,0.999819039689508,2522
202412,2024-12-01,-0.14019542821254,1.19441675605481,0.999785437252583,2506
