SIGNAL,TYPE_CODE,PORTFOLIO_TYPE,T_MONTHS,FIRST_RETURN_YYYYMM,LAST_RETURN_YYYYMM,DIRECT_AVERAGE_HML,REGRESSION_INTERCEPT,INTERCEPT_MINUS_DIRECT_AVERAGE,NEWEY_WEST_SE,T_STATISTIC,NEWEY_WEST_BANDWIDTH,NEWEY_WEST_LAG
BM_CZ,i,VW_ANNUAL_NYSE,738,196307,202412,0.0029722587107135,0.0029722587107135,4.33680868994202e-19,0.00201652525495358,1.47395065021485,1.94706484578226,1
GP_CZ,i,VW_ANNUAL_NYSE,738,196307,202412,0.0034708517962049,0.0034708517962049,2.60208521396521e-18,0.0016301077342076,2.12921620048143,8.86745853031008,8
MOM_CZ,i,VW_ANNUAL_NYSE,738,196307,202412,0.0051507841413013,0.00515078414130128,-1.04083408558608e-17,0.00226840814464471,2.27066022199811,6.7445278986537,6
BM_CZ,ii,EW_ANNUAL_NYSE,738,196307,202412,0.00989499653876966,0.00989499653876966,3.46944695195361e-18,0.00187369871123425,5.28099660817486,11.4522997005797,11
GP_CZ,ii,EW_ANNUAL_NYSE,738,196307,202412,0.00598198325798064,0.00598198325798065,5.20417042793042e-18,0.00169515603981534,3.52886879878756,11.4281203727721,11
MOM_CZ,ii,EW_ANNUAL_NYSE,738,196307,202412,4.62062753763359e-05,4.62062753763373e-05,1.40946282423116e-18,0.00208547883443974,0.0221561948331883,5.59939741387707,5
BM_CZ,iii,VW_MONTHLY_NYSE,738,196307,202412,0.00321855041107399,0.00321855041107399,-1.30104260698261e-18,0.00201416929281832,1.59795426459433,3.50172126932272,3
GP_CZ,iii,VW_MONTHLY_NYSE,738,196307,202412,0.00344431545809556,0.00344431545809556,8.67361737988404e-19,0.00168633506303547,2.04248582241755,10.1235564280093,10
MOM_CZ,iii,VW_MONTHLY_NYSE,738,196307,202412,0.0125475268320247,0.0125475268320247,6.93889390390723e-18,0.0027166829709648,4.61869381379036,1.66638677459644,1
BM_CZ,iv,VW_ANNUAL_GENERAL,738,196307,202412,0.00343753406191432,0.00343753406191433,8.67361737988404e-19,0.00243867192846716,1.40959266467425,8.18329393844023,8
GP_CZ,iv,VW_ANNUAL_GENERAL,738,196307,202412,0.0043347066547906,0.0043347066547906,8.67361737988404e-19,0.00209153946455329,2.0724957516957,7.04800345307084,7
MOM_CZ,iv,VW_ANNUAL_GENERAL,738,196307,202412,0.00748217144484975,0.00748217144484975,5.20417042793042e-18,0.00291003520755643,2.57116182835897,4.19253199207041,4
BM_CZ,v,EW_MONTHLY_GENERAL,738,196307,202412,0.00993929763933479,0.00993929763933479,1.73472347597681e-18,0.00190930746617701,5.20570825569345,10.5193494705343,10
GP_CZ,v,EW_MONTHLY_GENERAL,738,196307,202412,0.00675364560627447,0.00675364560627447,8.67361737988404e-19,0.00219122014808638,3.08213924199835,12.4352706110895,12
MOM_CZ,v,EW_MONTHLY_GENERAL,738,196307,202412,0.0102398906855162,0.0102398906855162,-3.46944695195361e-18,0.0030729039284217,3.33231722306905,10.5027243498677,10
