SIGNAL,TYPE_CODE,PORTFOLIO_TYPE,WEIGHTING,DECILE,AVERAGE_XRET,T_MONTHS,FIRST_RETURN_YYYYMM,LAST_RETURN_YYYYMM,MIN_N_STOCKS,MEDIAN_N_STOCKS,MAX_N_STOCKS,MAX_ABS_WEIGHT_SUM_ERROR
BM_CZ,i,VW_ANNUAL_NYSE,VW,1,0.00594427243023563,738,196307,202412,46,350,728,3.21964677141295e-15
BM_CZ,i,VW_ANNUAL_NYSE,VW,2,0.00641914561680879,738,196307,202412,47,290,522,2.77555756156289e-15
BM_CZ,i,VW_ANNUAL_NYSE,VW,3,0.00667743438930438,738,196307,202412,48,265,413,2.88657986402541e-15
BM_CZ,i,VW_ANNUAL_NYSE,VW,4,0.00458104796663218,738,196307,202412,47,252.5,387,2.88657986402541e-15
BM_CZ,i,VW_ANNUAL_NYSE,VW,5,0.00636961934409782,738,196307,202412,48,250,397,2.88657986402541e-15
BM_CZ,i,VW_ANNUAL_NYSE,VW,6,0.00704522115958493,738,196307,202412,47,244,382,2.66453525910038e-15
BM_CZ,i,VW_ANNUAL_NYSE,VW,7,0.00703989801203704,738,196307,202412,48,251,417,2.66453525910038e-15
BM_CZ,i,VW_ANNUAL_NYSE,VW,8,0.00740996233272144,738,196307,202412,46,261,465,2.66453525910038e-15
BM_CZ,i,VW_ANNUAL_NYSE,VW,9,0.00886154665406469,738,196307,202412,48,276,536,2.88657986402541e-15
BM_CZ,i,VW_ANNUAL_NYSE,VW,10,0.00891653114094914,738,196307,202412,49,349,714,2.88657986402541e-15
GP_CZ,i,VW_ANNUAL_NYSE,VW,1,0.00439649920200944,738,196307,202412,84,522,981,3.77475828372553e-15
GP_CZ,i,VW_ANNUAL_NYSE,VW,2,0.00411834537132791,738,196307,202412,70,230.5,359,2.22044604925031e-15
GP_CZ,i,VW_ANNUAL_NYSE,VW,3,0.00525777331993021,738,196307,202412,66,231,384,2.44249065417534e-15
GP_CZ,i,VW_ANNUAL_NYSE,VW,4,0.00610912180123176,738,196307,202412,64,241,418,2.66453525910038e-15
GP_CZ,i,VW_ANNUAL_NYSE,VW,5,0.00648557163373727,738,196307,202412,70,245,463,3.10862446895044e-15
GP_CZ,i,VW_ANNUAL_NYSE,VW,6,0.00594792934425392,738,196307,202412,71,274,438,3.10862446895044e-15
GP_CZ,i,VW_ANNUAL_NYSE,VW,7,0.00639178207682159,738,196307,202412,75,295.5,441,2.66453525910038e-15
GP_CZ,i,VW_ANNUAL_NYSE,VW,8,0.00610160578180402,738,196307,202412,71,298,534,2.66453525910038e-15
GP_CZ,i,VW_ANNUAL_NYSE,VW,9,0.00732734004136301,738,196307,202412,78,332.5,604,3.5527136788005e-15
GP_CZ,i,VW_ANNUAL_NYSE,VW,10,0.00786735099821434,738,196307,202412,72,349.5,722,2.99760216648792e-15
MOM_CZ,i,VW_ANNUAL_NYSE,VW,1,0.00421502003643761,738,196307,202412,146,552,1700,3.88578058618805e-15
MOM_CZ,i,VW_ANNUAL_NYSE,VW,2,0.00576031926995804,738,196307,202412,134,336,632,2.88657986402541e-15
MOM_CZ,i,VW_ANNUAL_NYSE,VW,3,0.00581808367866862,738,196307,202412,124,294,484,2.88657986402541e-15
MOM_CZ,i,VW_ANNUAL_NYSE,VW,4,0.00581025928729319,738,196307,202412,130,268,439,3.44169137633799e-15
MOM_CZ,i,VW_ANNUAL_NYSE,VW,5,0.00570843465778645,738,196307,202412,132,250.5,383,2.55351295663786e-15
MOM_CZ,i,VW_ANNUAL_NYSE,VW,6,0.00658253623469499,738,196307,202412,126,249.5,377,2.33146835171283e-15
MOM_CZ,i,VW_ANNUAL_NYSE,VW,7,0.00674427431974224,738,196307,202412,117,239,364,2.88657986402541e-15
MOM_CZ,i,VW_ANNUAL_NYSE,VW,8,0.00648238136666243,738,196307,202412,113,250.5,423,2.44249065417534e-15
MOM_CZ,i,VW_ANNUAL_NYSE,VW,9,0.00742286098491601,738,196307,202412,117,268,544,2.88657986402541e-15
MOM_CZ,i,VW_ANNUAL_NYSE,VW,10,0.0093658041777389,738,196307,202412,120,406,945,2.99760216648792e-15
BM_CZ,ii,EW_ANNUAL_NYSE,EW,1,0.00359362642704011,738,196307,202412,46,350,730,
BM_CZ,ii,EW_ANNUAL_NYSE,EW,2,0.00620292761150359,738,196307,202412,47,290.5,522,
BM_CZ,ii,EW_ANNUAL_NYSE,EW,3,0.00747786989807363,738,196307,202412,48,265,413,
BM_CZ,ii,EW_ANNUAL_NYSE,EW,4,0.00761728541731573,738,196307,202412,47,252.5,387,
BM_CZ,ii,EW_ANNUAL_NYSE,EW,5,0.00890219440673966,738,196307,202412,48,250,397,
BM_CZ,ii,EW_ANNUAL_NYSE,EW,6,0.00928102124998309,738,196307,202412,47,244,382,
BM_CZ,ii,EW_ANNUAL_NYSE,EW,7,0.0100486463847467,738,196307,202412,48,251,417,
BM_CZ,ii,EW_ANNUAL_NYSE,EW,8,0.00995218417406276,738,196307,202412,47,261,465,
BM_CZ,ii,EW_ANNUAL_NYSE,EW,9,0.0114905657773302,738,196307,202412,48,276,536,
BM_CZ,ii,EW_ANNUAL_NYSE,EW,10,0.0134886229658098,738,196307,202412,49,349.5,714,
GP_CZ,ii,EW_ANNUAL_NYSE,EW,1,0.00496695394544553,738,196307,202412,84,522,981,
GP_CZ,ii,EW_ANNUAL_NYSE,EW,2,0.00588172101202757,738,196307,202412,70,230.5,359,
GP_CZ,ii,EW_ANNUAL_NYSE,EW,3,0.00723470476540749,738,196307,202412,66,231,384,
GP_CZ,ii,EW_ANNUAL_NYSE,EW,4,0.0076977755571097,738,196307,202412,64,242,418,
GP_CZ,ii,EW_ANNUAL_NYSE,EW,5,0.00877484549312011,738,196307,202412,70,245.5,463,
GP_CZ,ii,EW_ANNUAL_NYSE,EW,6,0.00874271375252308,738,196307,202412,72,274,438,
GP_CZ,ii,EW_ANNUAL_NYSE,EW,7,0.00952253826777811,738,196307,202412,75,295.5,441,
GP_CZ,ii,EW_ANNUAL_NYSE,EW,8,0.00987460442434548,738,196307,202412,71,298.5,534,
GP_CZ,ii,EW_ANNUAL_NYSE,EW,9,0.0101539967880015,738,196307,202412,78,332.5,604,
GP_CZ,ii,EW_ANNUAL_NYSE,EW,10,0.0109489372034262,738,196307,202412,72,349.5,722,
MOM_CZ,ii,EW_ANNUAL_NYSE,EW,1,0.00789441219640963,738,196307,202412,146,553.5,1700,
MOM_CZ,ii,EW_ANNUAL_NYSE,EW,2,0.00889842155299392,738,196307,202412,134,336,632,
MOM_CZ,ii,EW_ANNUAL_NYSE,EW,3,0.0089343816099621,738,196307,202412,124,294,484,
MOM_CZ,ii,EW_ANNUAL_NYSE,EW,4,0.00909443329701111,738,196307,202412,130,268,439,
MOM_CZ,ii,EW_ANNUAL_NYSE,EW,5,0.00901048532141618,738,196307,202412,132,250.5,383,
MOM_CZ,ii,EW_ANNUAL_NYSE,EW,6,0.00918227599983133,738,196307,202412,126,249.5,377,
MOM_CZ,ii,EW_ANNUAL_NYSE,EW,7,0.00901664807876822,738,196307,202412,117,239,364,
MOM_CZ,ii,EW_ANNUAL_NYSE,EW,8,0.00864679159246124,738,196307,202412,113,250.5,423,
MOM_CZ,ii,EW_ANNUAL_NYSE,EW,9,0.00863132250931537,738,196307,202412,117,268,544,
MOM_CZ,ii,EW_ANNUAL_NYSE,EW,10,0.00794061847178597,738,196307,202412,120,406,945,
BM_CZ,iii,VW_MONTHLY_NYSE,VW,1,0.00607185300078957,738,196307,202412,48,348.5,737,3.99680288865056e-15
BM_CZ,iii,VW_MONTHLY_NYSE,VW,2,0.00663474009225815,738,196307,202412,47,295,522,2.99760216648792e-15
BM_CZ,iii,VW_MONTHLY_NYSE,VW,3,0.00675225031674562,738,196307,202412,48,266,413,2.55351295663786e-15
BM_CZ,iii,VW_MONTHLY_NYSE,VW,4,0.00498986036686214,738,196307,202412,47,256,387,2.77555756156289e-15
BM_CZ,iii,VW_MONTHLY_NYSE,VW,5,0.00610373306476541,738,196307,202412,47,249.5,407,2.22044604925031e-15
BM_CZ,iii,VW_MONTHLY_NYSE,VW,6,0.00676614391089059,738,196307,202412,47,248,387,2.88657986402541e-15
BM_CZ,iii,VW_MONTHLY_NYSE,VW,7,0.00699140116454151,738,196307,202412,48,252,417,2.77555756156289e-15
BM_CZ,iii,VW_MONTHLY_NYSE,VW,8,0.00696412074098682,738,196307,202412,46,264.5,465,3.10862446895044e-15
BM_CZ,iii,VW_MONTHLY_NYSE,VW,9,0.00868054730657422,738,196307,202412,48,283.5,537,2.33146835171283e-15
BM_CZ,iii,VW_MONTHLY_NYSE,VW,10,0.00929040341186356,738,196307,202412,49,357,721,2.66453525910038e-15
GP_CZ,iii,VW_MONTHLY_NYSE,VW,1,0.00420565170653501,738,196307,202412,84,539.5,981,3.5527136788005e-15
GP_CZ,iii,VW_MONTHLY_NYSE,VW,2,0.00386920343028262,738,196307,202412,71,232,362,2.55351295663786e-15
GP_CZ,iii,VW_MONTHLY_NYSE,VW,3,0.0055685093515433,738,196307,202412,66,232,404,2.44249065417534e-15
GP_CZ,iii,VW_MONTHLY_NYSE,VW,4,0.00594361697603769,738,196307,202412,64,246,425,2.88657986402541e-15
GP_CZ,iii,VW_MONTHLY_NYSE,VW,5,0.00608934688872776,738,196307,202412,71,254,463,2.44249065417534e-15
GP_CZ,iii,VW_MONTHLY_NYSE,VW,6,0.00575581596346858,738,196307,202412,71,279,438,2.44249065417534e-15
GP_CZ,iii,VW_MONTHLY_NYSE,VW,7,0.00629974911058377,738,196307,202412,75,298,443,2.66453525910038e-15
GP_CZ,iii,VW_MONTHLY_NYSE,VW,8,0.00587235128526207,738,196307,202412,73,307,537,2.99760216648792e-15
GP_CZ,iii,VW_MONTHLY_NYSE,VW,9,0.00803361846226992,738,196307,202412,79,338,604,2.88657986402541e-15
GP_CZ,iii,VW_MONTHLY_NYSE,VW,10,0.00764996716463056,738,196307,202412,74,353.5,728,3.10862446895044e-15
MOM_CZ,iii,VW_MONTHLY_NYSE,VW,1,-0.000285906023607208,738,196307,202412,146,597,1700,5.10702591327572e-15
MOM_CZ,iii,VW_MONTHLY_NYSE,VW,2,0.00400878683684719,738,196307,202412,128,353,752,3.33066907387547e-15
MOM_CZ,iii,VW_MONTHLY_NYSE,VW,3,0.00455107475149443,738,196307,202412,123,297,582,3.5527136788005e-15
MOM_CZ,iii,VW_MONTHLY_NYSE,VW,4,0.00591528830015762,738,196307,202412,127,275,480,2.66453525910038e-15
MOM_CZ,iii,VW_MONTHLY_NYSE,VW,5,0.0059122662975931,738,196307,202412,124,258.5,442,1.99840144432528e-15
MOM_CZ,iii,VW_MONTHLY_NYSE,VW,6,0.00564479734406665,738,196307,202412,124,255,452,2.33146835171283e-15
MOM_CZ,iii,VW_MONTHLY_NYSE,VW,7,0.00625040604532546,738,196307,202412,122,252,411,2.77555756156289e-15
MOM_CZ,iii,VW_MONTHLY_NYSE,VW,8,0.00703596644143752,738,196307,202412,118,258.5,477,2.44249065417534e-15
MOM_CZ,iii,VW_MONTHLY_NYSE,VW,9,0.00795287914689025,738,196307,202412,127,280,612,2.88657986402541e-15
MOM_CZ,iii,VW_MONTHLY_NYSE,VW,10,0.0122616208084175,738,196307,202412,125,423,1403,3.10862446895044e-15
BM_CZ,iv,VW_ANNUAL_GENERAL,VW,1,0.00581120363463386,738,196307,202412,46,280,466,2.88657986402541e-15
BM_CZ,iv,VW_ANNUAL_GENERAL,VW,2,0.00614917662460338,738,196307,202412,48,290,473,2.77555756156289e-15
BM_CZ,iv,VW_ANNUAL_GENERAL,VW,3,0.00628700401698117,738,196307,202412,47,289,473,2.66453525910038e-15
BM_CZ,iv,VW_ANNUAL_GENERAL,VW,4,0.00515553083877132,738,196307,202412,47,289,473,3.21964677141295e-15
BM_CZ,iv,VW_ANNUAL_GENERAL,VW,5,0.00595008709464724,738,196307,202412,48,287.5,475,2.55351295663786e-15
BM_CZ,iv,VW_ANNUAL_GENERAL,VW,6,0.00687509455540932,738,196307,202412,48,287,476,3.10862446895044e-15
BM_CZ,iv,VW_ANNUAL_GENERAL,VW,7,0.00794266555631844,738,196307,202412,47,288,473,2.66453525910038e-15
BM_CZ,iv,VW_ANNUAL_GENERAL,VW,8,0.00709415775807266,738,196307,202412,47,286,465,2.66453525910038e-15
BM_CZ,iv,VW_ANNUAL_GENERAL,VW,9,0.00914747374596095,738,196307,202412,48,286,472,2.66453525910038e-15
BM_CZ,iv,VW_ANNUAL_GENERAL,VW,10,0.00924873769654818,738,196307,202412,48,281,467,2.44249065417534e-15
GP_CZ,iv,VW_ANNUAL_GENERAL,VW,1,0.00319614255306853,738,196307,202412,73,289.5,518,2.44249065417534e-15
GP_CZ,iv,VW_ANNUAL_GENERAL,VW,2,0.00254074793754964,738,196307,202412,17,295,522,3.99680288865056e-15
GP_CZ,iv,VW_ANNUAL_GENERAL,VW,3,0.00466279357433432,738,196307,202412,73,298,590,2.88657986402541e-15
GP_CZ,iv,VW_ANNUAL_GENERAL,VW,4,0.00568766685918687,738,196307,202412,72,295,522,3.5527136788005e-15
GP_CZ,iv,VW_ANNUAL_GENERAL,VW,5,0.00641203782171748,738,196307,202412,72,296,523,2.66453525910038e-15
GP_CZ,iv,VW_ANNUAL_GENERAL,VW,6,0.00538211118692251,738,196307,202412,73,295,522,2.33146835171283e-15
GP_CZ,iv,VW_ANNUAL_GENERAL,VW,7,0.00592133877528019,738,196307,202412,72,296,522,3.10862446895044e-15
GP_CZ,iv,VW_ANNUAL_GENERAL,VW,8,0.0058289655169498,738,196307,202412,71,295,520,2.88657986402541e-15
GP_CZ,iv,VW_ANNUAL_GENERAL,VW,9,0.00846770744119892,738,196307,202412,72,293,522,3.10862446895044e-15
GP_CZ,iv,VW_ANNUAL_GENERAL,VW,10,0.00753084920785912,738,196307,202412,71,294,518,2.44249065417534e-15
MOM_CZ,iv,VW_ANNUAL_GENERAL,VW,1,0.00219183718906008,738,196307,202412,158,309,525,2.66453525910038e-15
MOM_CZ,iv,VW_ANNUAL_GENERAL,VW,2,0.00423776874989146,738,196307,202412,158,332.5,525,2.66453525910038e-15
MOM_CZ,iv,VW_ANNUAL_GENERAL,VW,3,0.00532293008251009,738,196307,202412,158,332,526,3.10862446895044e-15
MOM_CZ,iv,VW_ANNUAL_GENERAL,VW,4,0.00529539501783404,738,196307,202412,158,323.5,526,2.99760216648792e-15
MOM_CZ,iv,VW_ANNUAL_GENERAL,VW,5,0.00634801965025577,738,196307,202412,158,334,524,2.88657986402541e-15
MOM_CZ,iv,VW_ANNUAL_GENERAL,VW,6,0.00517338818173489,738,196307,202412,157,335.5,525,2.88657986402541e-15
MOM_CZ,iv,VW_ANNUAL_GENERAL,VW,7,0.0066037877824157,738,196307,202412,158,332,526,2.88657986402541e-15
MOM_CZ,iv,VW_ANNUAL_GENERAL,VW,8,0.00689940687999494,738,196307,202412,150,335.5,525,3.5527136788005e-15
MOM_CZ,iv,VW_ANNUAL_GENERAL,VW,9,0.00737380094364798,738,196307,202412,156,333.5,525,2.88657986402541e-15
MOM_CZ,iv,VW_ANNUAL_GENERAL,VW,10,0.00967400863390983,738,196307,202412,157,330.5,527,2.88657986402541e-15
BM_CZ,v,EW_MONTHLY_GENERAL,EW,1,0.0037867738895775,738,196307,202412,48,289.5,471,
BM_CZ,v,EW_MONTHLY_GENERAL,EW,2,0.00526806492244312,738,196307,202412,48,291,473,
BM_CZ,v,EW_MONTHLY_GENERAL,EW,3,0.00684513494326342,738,196307,202412,48,290,473,
BM_CZ,v,EW_MONTHLY_GENERAL,EW,4,0.00708344663465281,738,196307,202412,47,291,473,
BM_CZ,v,EW_MONTHLY_GENERAL,EW,5,0.0088332660129437,738,196307,202412,48,291,475,
BM_CZ,v,EW_MONTHLY_GENERAL,EW,6,0.00920177820323979,738,196307,202412,48,290,476,
BM_CZ,v,EW_MONTHLY_GENERAL,EW,7,0.0100738444737617,738,196307,202412,47,290,473,
BM_CZ,v,EW_MONTHLY_GENERAL,EW,8,0.0103984803135593,738,196307,202412,47,289,471,
BM_CZ,v,EW_MONTHLY_GENERAL,EW,9,0.0112701130017779,738,196307,202412,48,289.5,472,
BM_CZ,v,EW_MONTHLY_GENERAL,EW,10,0.0137260715289123,738,196307,202412,48,289,467,
GP_CZ,v,EW_MONTHLY_GENERAL,EW,1,0.0048384059392543,738,196307,202412,73,296,519,
GP_CZ,v,EW_MONTHLY_GENERAL,EW,2,0.00415005403256452,738,196307,202412,18,300,522,
GP_CZ,v,EW_MONTHLY_GENERAL,EW,3,0.00583592152364476,738,196307,202412,73,300,590,
GP_CZ,v,EW_MONTHLY_GENERAL,EW,4,0.0075040732522232,738,196307,202412,73,298.5,522,
GP_CZ,v,EW_MONTHLY_GENERAL,EW,5,0.00818338644617135,738,196307,202412,73,299,523,
GP_CZ,v,EW_MONTHLY_GENERAL,EW,6,0.00854725112129483,738,196307,202412,73,299,522,
GP_CZ,v,EW_MONTHLY_GENERAL,EW,7,0.00940472794293463,738,196307,202412,73,298,522,
GP_CZ,v,EW_MONTHLY_GENERAL,EW,8,0.00999835996965654,738,196307,202412,73,298,520,
GP_CZ,v,EW_MONTHLY_GENERAL,EW,9,0.0103056144564686,738,196307,202412,73,297,522,
GP_CZ,v,EW_MONTHLY_GENERAL,EW,10,0.0115920515455288,738,196307,202412,73,298.5,518,
MOM_CZ,v,EW_MONTHLY_GENERAL,EW,1,0.00341806023728757,738,196307,202412,164,344,535,
MOM_CZ,v,EW_MONTHLY_GENERAL,EW,2,0.0031709023788293,738,196307,202412,163,343,535,
MOM_CZ,v,EW_MONTHLY_GENERAL,EW,3,0.00537567003564398,738,196307,202412,165,342.5,535,
MOM_CZ,v,EW_MONTHLY_GENERAL,EW,4,0.00669933734999266,738,196307,202412,164,341,534,
MOM_CZ,v,EW_MONTHLY_GENERAL,EW,5,0.00729986494719087,738,196307,202412,164,345,535,
MOM_CZ,v,EW_MONTHLY_GENERAL,EW,6,0.00830179396550456,738,196307,202412,163,345,533,
MOM_CZ,v,EW_MONTHLY_GENERAL,EW,7,0.00941473953740417,738,196307,202412,163,345.5,536,
MOM_CZ,v,EW_MONTHLY_GENERAL,EW,8,0.0107502451763176,738,196307,202412,164,345,535,
MOM_CZ,v,EW_MONTHLY_GENERAL,EW,9,0.0121590486542955,738,196307,202412,165,346,534,
MOM_CZ,v,EW_MONTHLY_GENERAL,EW,10,0.0136579509228038,738,196307,202412,165,346,535,
