WEIGHTING,SPECIFICATION,COEFFICIENT,ESTIMATE,DRISCOLL_KRAAY_SE,T_STATISTIC,P_VALUE,SIGNIFICANCE,R_SQUARED,N_OBS,N_MONTHS,N_PORTFOLIOS,FIRST_RETURN_YYYYMM,LAST_RETURN_YYYYMM,DK_KERNEL,DK_LAG_RULE,DK_LAG,DK_TYPE,DK_INNER,DK_ADJUST
EW,i,B_BM,0.000891598994277386,0.000196191833347804,4.54452654355282,5.50588691845545e-06,***,0.00151800250233374,6180,618,10,197307,202412,Bartlett,floor(T^(1/4)),4,HC0,cluster,FALSE
EW,i,INTERCEPT,0.00470347257849606,0.00288826420403783,1.62847726046687,0.103423727073568,"",0.00151800250233374,6180,618,10,197307,202412,Bartlett,floor(T^(1/4)),4,HC0,cluster,FALSE
EW,ii,B_GP,0.000729141302926224,0.000143355527842565,5.08624476432453,3.65222656832161e-07,***,0.00100152310076177,6180,618,10,197307,202412,Bartlett,floor(T^(1/4)),4,HC0,cluster,FALSE
EW,ii,INTERCEPT,0.00510973183766595,0.00315751679989907,1.61827542384867,0.105603254615976,"",0.00100152310076177,6180,618,10,197307,202412,Bartlett,floor(T^(1/4)),4,HC0,cluster,FALSE
EW,iii,B_DUR,-0.00100832143468085,0.000156292309652491,-6.45151023055974,1.10740972750809e-10,***,0.00211943708724611,6180,618,10,197307,202412,Bartlett,floor(T^(1/4)),4,HC0,cluster,FALSE
EW,iii,INTERCEPT,0.0154549890440058,0.00245647302939255,6.29153622249523,3.14339443414036e-10,***,0.00211943708724611,6180,618,10,197307,202412,Bartlett,floor(T^(1/4)),4,HC0,cluster,FALSE
EW,iv,B_BM,0.00124367704592764,0.000232707111177025,5.34438779991362,9.07231507089074e-08,***,0.00188366128237905,12360,618,20,197307,202412,Bartlett,floor(T^(1/4)),4,HC0,cluster,FALSE
EW,iv,B_GP,0.00113310838909872,0.000186546848082988,6.07412240272555,1.2466761151302e-09,***,0.00188366128237905,12360,618,20,197307,202412,Bartlett,floor(T^(1/4)),4,HC0,cluster,FALSE
EW,iv,INTERCEPT,-0.00379689455236634,0.00367979480034575,-1.03182235922764,0.302155342827726,"",0.00188366128237905,12360,618,20,197307,202412,Bartlett,floor(T^(1/4)),4,HC0,cluster,FALSE
EW,v,B_BM,0.000344118219934529,0.000323563719976867,1.0635253543232,0.287543773448861,"",0.00218513572100543,12360,618,20,197307,202412,Bartlett,floor(T^(1/4)),4,HC0,cluster,FALSE
EW,v,B_DUR,-0.000970276945336413,0.000285551133717668,-3.39790962376549,0.000679028481302475,***,0.00218513572100543,12360,618,20,197307,202412,Bartlett,floor(T^(1/4)),4,HC0,cluster,FALSE
EW,v,INTERCEPT,0.0131779585486602,0.00328633888043324,4.009920774489,6.07391241261651e-05,***,0.00218513572100543,12360,618,20,197307,202412,Bartlett,floor(T^(1/4)),4,HC0,cluster,FALSE
EW,vi,B_DUR,-0.00118099054904469,0.00022071376184999,-5.35077894167454,8.75764479836098e-08,***,0.00190766867733851,12360,618,20,197307,202412,Bartlett,floor(T^(1/4)),4,HC0,cluster,FALSE
EW,vi,B_GP,7.8268593281635e-05,0.000191598048891006,0.408504124831456,0.68290360286402,"",0.00190766867733851,12360,618,20,197307,202412,Bartlett,floor(T^(1/4)),4,HC0,cluster,FALSE
EW,vi,INTERCEPT,0.0155132285660862,0.00341925372052675,4.53702176967912,5.7054219082375e-06,***,0.00190766867733851,12360,618,20,197307,202412,Bartlett,floor(T^(1/4)),4,HC0,cluster,FALSE
EW,vii,B_BM,0.000606540309856742,0.00044342383977865,1.36785678947599,0.171356907577422,"",0.00211779676622399,18540,618,30,197307,202412,Bartlett,floor(T^(1/4)),4,HC0,cluster,FALSE
EW,vii,B_DUR,-0.000797379355121123,0.000419428186228195,-1.90111056267282,0.057287532366287,*,0.00211779676622399,18540,618,30,197307,202412,Bartlett,floor(T^(1/4)),4,HC0,cluster,FALSE
EW,vii,B_GP,0.000490718014496845,0.000311141717583932,1.5771527466884,0.114760382808791,"",0.00211779676622399,18540,618,30,197307,202412,Bartlett,floor(T^(1/4)),4,HC0,cluster,FALSE
EW,vii,INTERCEPT,0.00777048049219267,0.00647748826373885,1.19961321052359,0.23028959355183,"",0.00211779676622399,18540,618,30,197307,202412,Bartlett,floor(T^(1/4)),4,HC0,cluster,FALSE
VW,i,B_BM,0.000337588713049326,0.00023680507720145,1.42559744511787,0.153984574161524,"",0.000336226664902588,6180,618,10,197307,202412,Bartlett,floor(T^(1/4)),4,HC0,cluster,FALSE
VW,i,INTERCEPT,0.00578573167699863,0.00205037524617862,2.82179161486746,0.0047756197314108,***,0.000336226664902588,6180,618,10,197307,202412,Bartlett,floor(T^(1/4)),4,HC0,cluster,FALSE
VW,ii,B_GP,0.000294775863864979,0.000191126671802897,1.542306267798,0.122999186568311,"",0.000263923701616402,6180,618,10,197307,202412,Bartlett,floor(T^(1/4)),4,HC0,cluster,FALSE
VW,ii,INTERCEPT,0.00493285539428079,0.00233335750639819,2.11405898185539,0.0345102299793571,**,0.000263923701616402,6180,618,10,197307,202412,Bartlett,floor(T^(1/4)),4,HC0,cluster,FALSE
VW,iii,B_DUR,-0.000629140659564555,0.000198059315659645,-3.17652647374437,0.00149050184862826,***,0.00119143705963516,6180,618,10,197307,202412,Bartlett,floor(T^(1/4)),4,HC0,cluster,FALSE
VW,iii,INTERCEPT,0.0117437924668388,0.0019767207818391,5.94104770624843,2.8320617459185e-09,***,0.00119143705963516,6180,618,10,197307,202412,Bartlett,floor(T^(1/4)),4,HC0,cluster,FALSE
VW,iv,B_BM,0.000454593914170937,0.000239610663590105,1.89721904426006,0.0577990343761882,*,0.000391257858834307,12360,618,20,197307,202412,Bartlett,floor(T^(1/4)),4,HC0,cluster,FALSE
VW,iv,B_GP,0.000406857872445219,0.000182111162672493,2.23411825214092,0.0254752933616224,**,0.000391257858834307,12360,618,20,197307,202412,Bartlett,floor(T^(1/4)),4,HC0,cluster,FALSE
VW,iv,INTERCEPT,0.00232851107131319,0.0025086577303492,0.928190020959564,0.353309009880041,"",0.000391257858834307,12360,618,20,197307,202412,Bartlett,floor(T^(1/4)),4,HC0,cluster,FALSE
VW,v,B_BM,0.000252431683089854,0.000309714458454019,0.815046492662631,0.415045697830847,"",0.00107855571471433,12360,618,20,197307,202412,Bartlett,floor(T^(1/4)),4,HC0,cluster,FALSE
VW,v,B_DUR,-0.000509868178888832,0.000274008092898916,-1.86077780949677,0.0627755604370784,*,0.00107855571471433,12360,618,20,197307,202412,Bartlett,floor(T^(1/4)),4,HC0,cluster,FALSE
VW,v,INTERCEPT,0.00936253688026174,0.00289285252313804,3.23643767021544,0.0012103165520116,***,0.00107855571471433,12360,618,20,197307,202412,Bartlett,floor(T^(1/4)),4,HC0,cluster,FALSE
VW,vi,B_DUR,-0.000814550194385094,0.000260173499231389,-3.13079616790895,0.00174333114976925,***,0.000964836368985716,12360,618,20,197307,202412,Bartlett,floor(T^(1/4)),4,HC0,cluster,FALSE
VW,vi,B_GP,-0.000202007243876834,0.000248084319576856,-0.814268488316339,0.415491157777392,"",0.000964836368985716,12360,618,20,197307,202412,Bartlett,floor(T^(1/4)),4,HC0,cluster,FALSE
VW,vi,INTERCEPT,0.0130035880328232,0.003154376968152,4.12239506061362,3.74953436956208e-05,***,0.000964836368985716,12360,618,20,197307,202412,Bartlett,floor(T^(1/4)),4,HC0,cluster,FALSE
VW,vii,B_BM,0.000108494471322722,0.000421762418426924,0.257240727439352,0.796992945624864,"",0.000938247481479335,18540,618,30,197307,202412,Bartlett,floor(T^(1/4)),4,HC0,cluster,FALSE
VW,vii,B_DUR,-0.000707794805108623,0.000430811344725907,-1.64293446255214,0.100396493740886,"",0.000938247481479335,18540,618,30,197307,202412,Bartlett,floor(T^(1/4)),4,HC0,cluster,FALSE
VW,vii,B_GP,-9.24300490948724e-05,0.000322680350100566,-0.286444616370553,0.774537606663492,"",0.000938247481479335,18540,618,30,197307,202412,Bartlett,floor(T^(1/4)),4,HC0,cluster,FALSE
VW,vii,INTERCEPT,0.0112795558201868,0.00603461462911697,1.86914268986838,0.0616029650883685,*,0.000938247481479335,18540,618,30,197307,202412,Bartlett,floor(T^(1/4)),4,HC0,cluster,FALSE
