month,cp_t,USREC
1952-06-01,0.0021164402477646172,0
1952-07-01,6.492356633384242e-4,0
1952-08-01,7.798872175637381e-4,0
1952-09-01,-0.0013309854287297685,0
1952-10-01,0.005230307788058294,0
1952-11-01,0.001937678738746092,0
1952-12-01,9.219916777361334e-4,0
1953-01-01,0.0027805850971697305,0
1953-02-01,0.0021044517987337174,0
1953-03-01,0.0076434209934997,0
1953-04-01,4.354677821920377e-4,0
1953-05-01,-0.002011475930337055,0
1953-06-01,-0.0012682388447433567,0
1953-07-01,0.0026106016367404383,0
1953-08-01,0.004336083272785068,1
1953-09-01,0.004184090706277333,1
1953-10-01,0.007986782326991414,1
1953-11-01,0.004508851065758464,1
1953-12-01,0.004283840975366351,1
1954-01-01,0.0034793033907558517,1
1954-02-01,0.009823209743644423,1
1954-03-01,0.01187252620317987,1
1954-04-01,0.0176984598928426,1
1954-05-01,0.030659548440886603,1
1954-06-01,0.02555998178674242,0
1954-07-01,0.023722342716186916,0
1954-08-01,0.0208482785572943,0
1954-09-01,0.015839451758758998,0
1954-10-01,0.019243664975818052,0
1954-11-01,0.022197727839725283,0
1954-12-01,0.02255844161766255,0
1955-01-01,0.0192179356447855,0
1955-02-01,0.02093435320702351,0
1955-03-01,0.015264688528070667,0
1955-04-01,0.011962763675103641,0
1955-05-01,0.012594405947934357,0
1955-06-01,0.014432292944864183,0
1955-07-01,0.010445243951201178,0
1955-08-01,0.008851690918249453,0
1955-09-01,0.013029573908576234,0
1955-10-01,0.012716985322135006,0
1955-11-01,0.004132389494200767,0
1955-12-01,6.94710676832322e-4,0
1956-01-01,0.008458288864502275,0
1956-02-01,0.008176507540252316,0
1956-03-01,0.0026027808788024803,0
1956-04-01,-0.0018997038458507178,0
1956-05-01,0.00569205763823621,0
1956-06-01,0.00864605963139073,0
1956-07-01,0.008567609595791252,0
1956-08-01,0.013427783463143564,0
1956-09-01,0.01366417217166654,0
1956-10-01,0.010956512795039994,0
1956-11-01,0.004304548505118374,0
1956-12-01,0.004514241808308358,0
1957-01-01,0.00618774581106801,0
1957-02-01,0.008518382964627643,0
1957-03-01,0.011661734097377606,0
1957-04-01,0.01323637635372032,0
1957-05-01,0.01295516018475377,0
1957-06-01,0.016025033112988068,0
1957-07-01,0.012621930349667436,0
1957-08-01,0.014747464370521242,0
1957-09-01,0.0056741704566777035,1
1957-10-01,0.019387663408342373,1
1957-11-01,0.010037578061635155,1
1957-12-01,0.01448353250956708,1
1958-01-01,0.0221293805433758,1
1958-02-01,0.023318551437856917,1
1958-03-01,0.019268925573301884,1
1958-04-01,0.019055792242250784,1
1958-05-01,0.01574624707954083,0
1958-06-01,0.0334468787520458,0
1958-07-01,0.03426969419998516,0
1958-08-01,0.023332563258626367,0
1958-09-01,0.0198710573971527,0
1958-10-01,0.018294362335577914,0
1958-11-01,0.024483316452561996,0
1958-12-01,0.026264793727473958,0
1959-01-01,0.027964472721015536,0
1959-02-01,0.020093643282516126,0
1959-03-01,0.012560591692491706,0
1959-04-01,0.015570379101447561,0
1959-05-01,0.015383195181321066,0
1959-06-01,0.015607923389832648,0
1959-07-01,0.014918128746772452,0
1959-08-01,0.01607122223500914,0
1959-09-01,0.011984266992829808,0
1959-10-01,0.02555155394212084,0
1959-11-01,0.019518931309411063,0
1959-12-01,0.011020430928512815,0
1960-01-01,0.011156297621357211,0
1960-02-01,0.01536831103526718,0
1960-03-01,0.01627365844027808,0
1960-04-01,0.022746181743755124,0
1960-05-01,0.012963438018498882,1
1960-06-01,0.02062694293036587,1
1960-07-01,0.025327411877722923,1
1960-08-01,0.025952568253079917,1
1960-09-01,0.03599223643521202,1
1960-10-01,0.02921080860287997,1
1960-11-01,0.034043720293047926,1
1960-12-01,0.02411249714752418,1
1961-01-01,0.024342896760658914,1
1961-02-01,0.01928834576061315,1
1961-03-01,0.014791104192050248,0
1961-04-01,0.0043697433515629495,0
1961-05-01,0.0026205594080664137,0
1961-06-01,0.021149405866628192,0
1961-07-01,0.0230143255197769,0
1961-08-01,0.029655935871864776,0
1961-09-01,0.025200522877964416,0
1961-10-01,0.015169031808999235,0
1961-11-01,0.010081088080677893,0
1961-12-01,0.017232473277538345,0
1962-01-01,0.019381771145021903,0
1962-02-01,0.016722612636502,0
1962-03-01,0.01981779276825861,0
1962-04-01,0.019327183108590103,0
1962-05-01,0.019606356952498252,0
1962-06-01,0.016891369318464355,0
1962-07-01,0.013947276174091368,0
1962-08-01,0.01646681578762535,0
1962-09-01,0.015926317734486935,0
1962-10-01,0.013472521399976792,0
1962-11-01,0.014151361013857765,0
1962-12-01,0.01339539926464409,0
1963-01-01,0.01652660912144218,0
1963-02-01,0.01669770056672447,0
1963-03-01,0.021515766932777618,0
1963-04-01,0.019461008756373143,0
1963-05-01,0.02027376091255975,0
1963-06-01,0.021515885265682096,0
1963-07-01,0.01491340774112801,0
1963-08-01,0.014067845786884072,0
1963-09-01,0.013558534626644598,0
1963-10-01,0.014446416542919144,0
1963-11-01,0.011420328791484175,0
1963-12-01,0.01306821467564803,0
1964-01-01,0.010137515919519235,0
1964-02-01,0.009689895108449052,0
1964-03-01,0.01420364268819746,0
1964-04-01,0.01387464786226312,0
1964-05-01,0.013887603743417333,0
1964-06-01,0.01473342830583575,0
1964-07-01,0.016584244205833865,0
1964-08-01,0.015399971946336438,0
1964-09-01,0.014176307233092019,0
1964-10-01,0.01244267004548592,0
1964-11-01,0.009413898760389665,0
1964-12-01,0.008430647821258826,0
1965-01-01,0.007059704083334853,0
1965-02-01,0.004286615980478391,0
1965-03-01,0.005212509985721692,0
1965-04-01,0.006006863438990125,0
1965-05-01,0.005886015156666504,0
1965-06-01,0.009450586766884447,0
1965-07-01,0.01250860600076759,0
1965-08-01,0.011279558902220375,0
1965-09-01,0.009928433374716885,0
1965-10-01,0.012397996665387597,0
1965-11-01,0.013789132093503105,0
1965-12-01,0.01453100070809476,0
1966-01-01,0.014260691539779735,0
1966-02-01,0.014468666931835591,0
1966-03-01,0.012149112494749105,0
1966-04-01,0.010741431528920363,0
1966-05-01,0.013030115416679961,0
1966-06-01,0.014444881194537882,0
1966-07-01,0.013355285895766195,0
1966-08-01,0.016755163025944105,0
1966-09-01,0.008696917548230973,0
1966-10-01,0.008511603585163327,0
1966-11-01,0.012322874600808631,0
1966-12-01,0.007396586547418795,0
1967-01-01,0.015271787096164939,0
1967-02-01,0.013303774306335545,0
1967-03-01,0.015160286192147165,0
1967-04-01,0.020518103200091606,0
1967-05-01,0.01912295291524047,0
1967-06-01,0.016606769224629524,0
1967-07-01,0.011555665949114101,0
1967-08-01,0.011317777832492805,0
1967-09-01,0.015049574880654226,0
1967-10-01,0.010845764077147194,0
1967-11-01,0.00894934895844258,0
1967-12-01,0.012686503960263279,0
1968-01-01,0.015525799753988248,0
1968-02-01,0.0169349310028158,0
1968-03-01,0.021178560532276184,0
1968-04-01,0.021689262199573053,0
1968-05-01,0.015632885695906734,0
1968-06-01,0.013488394279048346,0
1968-07-01,0.006479463613721141,0
1968-08-01,0.00791233924231349,0
1968-09-01,0.004234969939279237,0
1968-10-01,9.94384109506772e-4,0
1968-11-01,0.002240616950442041,0
1968-12-01,0.01161825526992156,0
1969-01-01,-0.0016932628294838044,0
1969-02-01,0.003757708766914346,0
1969-03-01,0.009519435191469434,0
1969-04-01,0.0024603073100545095,0
1969-05-01,0.007143271709168677,0
1969-06-01,0.0040831687939746125,0
1969-07-01,0.003110871914808894,0
1969-08-01,0.005992810380517377,0
1969-09-01,0.017657374027669842,0
1969-10-01,0.017732811170714718,0
1969-11-01,0.014490730183866308,0
1969-12-01,0.025796283944575962,0
1970-01-01,0.020936648655927353,1
1970-02-01,0.021679322070613148,1
1970-03-01,0.027786821829855084,1
1970-04-01,0.02625478691392256,1
1970-05-01,0.019465144900453972,1
1970-06-01,0.025650699020553724,1
1970-07-01,0.030839453484836254,1
1970-08-01,0.03078509378421202,1
1970-09-01,0.025944026334617294,1
1970-10-01,0.02618667177688993,1
1970-11-01,0.02791509089630865,1
1970-12-01,0.02568720868725395,0
1971-01-01,0.0423833963881046,0
1971-02-01,0.037981962967850516,0
1971-03-01,0.030605731215502256,0
1971-04-01,0.030250217503590637,0
1971-05-01,0.02018802677971792,0
1971-06-01,0.021219612919541556,0
1971-07-01,0.029515453178425174,0
1971-08-01,0.01951943693196,0
1971-09-01,0.020420368662539233,0
1971-10-01,0.02419134584708075,0
1971-11-01,0.023058399171231026,0
1971-12-01,0.022532442060220547,0
1972-01-01,0.031258690952581325,0
1972-02-01,0.030343036613296098,0
1972-03-01,0.02474747989771161,0
1972-04-01,0.02878785197488009,0
1972-05-01,0.029188623445378176,0
1972-06-01,0.025604206555051825,0
1972-07-01,0.03254623185159089,0
1972-08-01,0.030079830601591667,0
1972-09-01,0.019871944239542062,0
1972-10-01,0.024936633830760332,0
1972-11-01,0.02681076996426689,0
1972-12-01,0.018409229292860166,0
1973-01-01,0.02130076536440919,0
1973-02-01,0.01864397832184659,0
1973-03-01,0.008573578577707736,0
1973-04-01,0.010918523594659597,0
1973-05-01,0.006371489677697028,0
1973-06-01,0.002513421907958253,0
1973-07-01,0.01362978064694844,0
1973-08-01,-0.002377405778166968,0
1973-09-01,5.427048033131235e-4,0
1973-10-01,0.011749132553678952,0
1973-11-01,0.006561207815680549,0
1973-12-01,0.010484141163999205,1
1974-01-01,0.015988084480074237,1
1974-02-01,0.013636771060213772,1
1974-03-01,0.009912221683491262,1
1974-04-01,0.0114526679005844,1
1974-05-01,0.016592318190527217,1
1974-06-01,0.01779526761188777,1
1974-07-01,0.01877201024149147,1
1974-08-01,4.3358161329958884e-4,1
1974-09-01,0.015297081213044093,1
1974-10-01,0.019390942791268653,1
1974-11-01,0.015942520012130593,1
1974-12-01,0.018278737499570905,1
1975-01-01,0.028447823723642185,1
1975-02-01,0.02164873549782647,1
1975-03-01,0.0331498135372017,1
1975-04-01,0.035988590592913206,0
1975-05-01,0.033821188001431676,0
1975-06-01,0.017892841380996255,0
1975-07-01,0.02232245620577052,0
1975-08-01,0.023903277068171795,0
1975-09-01,0.03292687275119474,0
1975-10-01,0.027585901877508194,0
1975-11-01,0.01980660230678207,0
1975-12-01,0.029997531823843675,0
1976-01-01,0.04168760057605803,0
1976-02-01,0.032628742769265674,0
1976-03-01,0.033760032931921966,0
1976-04-01,0.027168468461359802,0
1976-05-01,0.028126664082378662,0
1976-06-01,0.031656013229942735,0
1976-07-01,0.03347387330433937,0
1976-08-01,0.03223925587180107,0
1976-09-01,0.027187577166904436,0
1976-10-01,0.028380971777769888,0
1976-11-01,0.028008893677535594,0
1976-12-01,0.023143344307385353,0
1977-01-01,0.03626760266252384,0
1977-02-01,0.039459478890188464,0
1977-03-01,0.037502366716762464,0
1977-04-01,0.03839280023351993,0
1977-05-01,0.03248058513833042,0
1977-06-01,0.02905026231739844,0
1977-07-01,0.027143149633862277,0
1977-08-01,0.023698896010315176,0
1977-09-01,0.020367763819317895,0
1977-10-01,0.02228024024156078,0
1977-11-01,0.021011789856233032,0
1977-12-01,0.02289248378468943,0
1978-01-01,0.023967478720752618,0
1978-02-01,0.024730483049170218,0
1978-03-01,0.025639425411763946,0
1978-04-01,0.023697923581809457,0
1978-05-01,0.019217556852652758,0
1978-06-01,0.01931238226132138,0
1978-07-01,0.016952695030250424,0
1978-08-01,0.01565267960539425,0
1978-09-01,0.01332533780953249,0
1978-10-01,0.01727601712549187,0
1978-11-01,0.0024288794555016105,0
1978-12-01,0.0021789796667232,0
1979-01-01,-0.00228739973074959,0
1979-02-01,0.0026232639067926005,0
1979-03-01,0.005985457008715308,0
1979-04-01,0.005403662149743687,0
1979-05-01,0.007623153383540042,0
1979-06-01,0.014671226459174867,0
1979-07-01,0.009948627891112517,0
1979-08-01,0.006102346834736032,0
1979-09-01,7.683094153786647e-4,0
1979-10-01,-0.001355642402598673,0
1979-11-01,-0.0069848429472026494,0
1979-12-01,0.0029041089615245473,0
1980-01-01,0.005975145029278109,0
1980-02-01,0.0031870022340057726,1
1980-03-01,-0.026343135971908408,1
1980-04-01,0.005669276549704639,1
1980-05-01,0.03035570687356122,1
1980-06-01,0.030578219262926427,1
1980-07-01,0.024751514446521888,1
1980-08-01,0.023260480399705175,0
1980-09-01,0.024557512955426127,0
1980-10-01,0.005744237118169955,0
1980-11-01,0.0016759531748373481,0
1980-12-01,0.014745009425098763,0
1981-01-01,0.009181394321459488,0
1981-02-01,0.01908797893299461,0
1981-03-01,0.028638397341122265,0
1981-04-01,0.02257252061594697,0
1981-05-01,0.018548713835902914,0
1981-06-01,0.03959647908705761,0
1981-07-01,0.01480857043297093,0
1981-08-01,0.01096578260789186,1
1981-09-01,0.059155864462735464,1
1981-10-01,0.042199626647157845,1
1981-11-01,0.04672466076076546,1
1981-12-01,0.043032588412996814,1
1982-01-01,0.04118758587578177,1
1982-02-01,0.029006499260957785,1
1982-03-01,0.041043134410320266,1
1982-04-01,0.0271061965882029,1
1982-05-01,0.03189952556888104,1
1982-06-01,0.01794348348609832,1
1982-07-01,0.02109272743168231,1
1982-08-01,0.05391309563667852,1
1982-09-01,0.02801666623605057,1
1982-10-01,0.0317200221111383,1
1982-11-01,0.05620248305013627,1
1982-12-01,0.05043691944208749,0
1983-01-01,0.03310074542468084,0
1983-02-01,0.047397390854853755,0
1983-03-01,0.02356391594756186,0
1983-04-01,0.03371710318627315,0
1983-05-01,0.03812830423512993,0
1983-06-01,0.03172623458687967,0
1983-07-01,0.046547507890369384,0
1983-08-01,0.04336185853887118,0
1983-09-01,0.030856694949423835,0
1983-10-01,0.04727088445441288,0
1983-11-01,0.04941226275916103,0
1983-12-01,0.044782966526787066,0
1984-01-01,0.042729523020658265,0
1984-02-01,0.04417681862795061,0
1984-03-01,0.044680270041725756,0
1984-04-01,0.04088688402963879,0
1984-05-01,0.04111315108321719,0
1984-06-01,0.043288737114327853,0
1984-07-01,0.033923700996723205,0
1984-08-01,0.03497701757013436,0
1984-09-01,0.04052633681149189,0
1984-10-01,0.03913179432396361,0
1984-11-01,0.05014865412629677,0
1984-12-01,0.046065734841715555,0
1985-01-01,0.05378910131513708,0
1985-02-01,0.05415975710403921,0
1985-03-01,0.0562546974754194,0
1985-04-01,0.05655499634444388,0
1985-05-01,0.05482409606117175,0
1985-06-01,0.05647579878810406,0
1985-07-01,0.062805016034062,0
1985-08-01,0.05435390905705516,0
1985-09-01,0.05148499453508836,0
1985-10-01,0.04467749496578996,0
1985-11-01,0.041033129344002224,0
1985-12-01,0.03459474098235132,0
1986-01-01,0.03503168490199409,0
1986-02-01,0.025586939597715908,0
1986-03-01,0.028050830533764063,0
1986-04-01,0.030722067069570553,0
1986-05-01,0.04211452513328316,0
1986-06-01,0.038096473273966786,0
1986-07-01,0.03267702134983823,0
1986-08-01,0.03382739063422962,0
1986-09-01,0.040425834404860445,0
1986-10-01,0.03157615055542561,0
1986-11-01,0.030593080320203334,0
1986-12-01,0.02057831041393411,0
1987-01-01,0.029030389492374027,0
1987-02-01,0.026185752415737226,0
1987-03-01,0.024605246294003152,0
1987-04-01,0.033494958915205444,0
1987-05-01,0.03107344453123013,0
1987-06-01,0.031212005029494873,0
1987-07-01,0.0327128286818603,0
1987-08-01,0.03302632687636583,0
1987-09-01,0.03876651034175814,0
1987-10-01,0.04431142791148038,0
1987-11-01,0.04009377747544461,0
1987-12-01,0.03100178949926859,0
1988-01-01,0.030852453368050793,0
1988-02-01,0.028559008206387727,0
1988-03-01,0.03130467958442488,0
1988-04-01,0.03410091377516729,0
1988-05-01,0.032851853014942534,0
1988-06-01,0.027296961137593646,0
1988-07-01,0.026943619684196913,0
1988-08-01,0.026945578530486024,0
1988-09-01,0.0228152309053227,0
1988-10-01,0.021866712577964055,0
1988-11-01,0.023513530771170046,0
1988-12-01,0.02134497661480519,0
1989-01-01,0.02040649224043143,0
1989-02-01,0.021415578205861954,0
1989-03-01,0.015539340925887291,0
1989-04-01,0.018076446282902586,0
1989-05-01,0.018430964260199793,0
1989-06-01,0.012416396592567186,0
1989-07-01,0.016671381294679908,0
1989-08-01,0.01780900697439384,0
1989-09-01,0.017683744262134482,0
1989-10-01,0.019703547980226457,0
1989-11-01,0.0193869667734153,0
1989-12-01,0.01917314150272984,0
1990-01-01,0.02109307436068109,0
1990-02-01,0.023087720714079746,0
1990-03-01,0.02205283374371614,0
1990-04-01,0.02598271652113201,0
1990-05-01,0.024039456674908064,0
1990-06-01,0.0230458451632301,0
1990-07-01,0.022605087104619934,0
1990-08-01,0.03040258195295328,1
1990-09-01,0.02940755200580554,1
1990-10-01,0.028531261388625676,1
1990-11-01,0.02694757929240111,1
1990-12-01,0.025692892431170844,1
1991-01-01,0.03251315547432062,1
1991-02-01,0.03354635047990501,1
1991-03-01,0.03439176380255319,1
1991-04-01,0.03953738345452241,0
1991-05-01,0.03781709896830583,0
1991-06-01,0.041527766556582774,0
1991-07-01,0.04121064662756282,0
1991-08-01,0.040422130955209544,0
1991-09-01,0.040386934594317817,0
1991-10-01,0.041420482518656425,0
1991-11-01,0.04427060046103046,0
1991-12-01,0.047406454349554226,0
1992-01-01,0.05137723202939069,0
1992-02-01,0.048584725553455776,0
1992-03-01,0.053618917500460994,0
1992-04-01,0.05182718466193237,0
1992-05-01,0.04653223670940884,0
1992-06-01,0.048214346477457114,0
1992-07-01,0.04853635664521051,0
1992-08-01,0.048524100017078145,0
1992-09-01,0.044782945490038834,0
1992-10-01,0.047846574347291546,0
1992-11-01,0.05036482679605629,0
1992-12-01,0.046259310222679366,0
1993-01-01,0.03885224848316229,0
1993-02-01,0.039348299703043654,0
1993-03-01,0.04080905623726727,0
1993-04-01,0.039850239938226534,0
1993-05-01,0.03544287151651258,0
1993-06-01,0.030904998911318666,0
1993-07-01,0.02929190068384827,0
1993-08-01,0.026950888842390348,0
1993-09-01,0.030237926816873168,0
1993-10-01,0.029247075978834365,0
1993-11-01,0.032513594695701885,0
1993-12-01,0.03311366791560304,0
1994-01-01,0.02922957881545981,0
1994-02-01,0.03256963237901744,0
1994-03-01,0.03781989549354233,0
1994-04-01,0.03795796116460188,0
1994-05-01,0.034128567609748584,0
1994-06-01,0.03577903786447588,0
1994-07-01,0.03266567364828093,0
1994-08-01,0.030308287282798427,0
1994-09-01,0.032716559239167796,0
1994-10-01,0.03280914776156266,0
1994-11-01,0.02884173347099586,0
1994-12-01,0.02561457746226161,0
1995-01-01,0.026082697264117154,0
1995-02-01,0.023577269782900437,0
1995-03-01,0.02395908088230245,0
1995-04-01,0.024165093570663952,0
1995-05-01,0.018468673028431092,0
1995-06-01,0.02053690968669405,0
1995-07-01,0.02392857451054677,0
1995-08-01,0.020950545092734824,0
1995-09-01,0.020113955964872313,0
1995-10-01,0.01926817383971933,0
1995-11-01,0.017536053502469482,0
1995-12-01,0.017989389956080407,0
1996-01-01,0.018517955027055232,0
1996-02-01,0.02152988721054363,0
1996-03-01,0.02456753543601934,0
1996-04-01,0.026469554547746667,0
1996-05-01,0.027341930131059147,0
1996-06-01,0.025329086094073992,0
1996-07-01,0.02408863729073824,0
1996-08-01,0.02702573360962005,0
1996-09-01,0.02545182189404296,0
1996-10-01,0.023198243286743046,0
1996-11-01,0.01867720216790831,0
1996-12-01,0.023163973064321258,0
1997-01-01,0.021250615675793224,0
1997-02-01,0.022780865067999746,0
1997-03-01,0.025947176269291952,0
1997-04-01,0.023673220277766957,0
1997-05-01,0.024063570237678918,0
1997-06-01,0.024888953607922728,0
1997-07-01,0.017254438446606995,0
1997-08-01,0.0220231111734403,0
1997-09-01,0.020763982817751325,0
1997-10-01,0.018493302210370374,0
1997-11-01,0.019289573251039603,0
1997-12-01,0.016396679845876762,0
1998-01-01,0.017181210286760746,0
1998-02-01,0.017278440845466193,0
1998-03-01,0.01788863656094259,0
1998-04-01,0.017317103683370232,0
1998-05-01,0.018240813500669865,0
1998-06-01,0.017074733870349315,0
1998-07-01,0.015087964332078036,0
1998-08-01,0.012761643933668725,0
1998-09-01,0.007171086176731012,0
1998-10-01,0.011029240655537675,0
1998-11-01,0.016380927602371583,0
1998-12-01,0.01670545804606316,0
1999-01-01,0.014516420902700184,0
1999-02-01,0.021136976547512912,0
1999-03-01,0.01947833792101366,0
1999-04-01,0.018576238060965294,0
1999-05-01,0.022630964196021647,0
1999-06-01,0.01731168809085956,0
1999-07-01,0.021094424695206924,0
1999-08-01,0.022316457776532052,0
1999-09-01,0.02073462022079332,0
1999-10-01,0.022386986926261773,0
1999-11-01,0.018767206411266477,0
1999-12-01,0.018583132336426857,0
2000-01-01,0.01577887041076318,0
2000-02-01,0.01631231638481296,0
2000-03-01,0.010846044402028404,0
2000-04-01,0.013628867819813786,0
2000-05-01,0.01640601241535586,0
2000-06-01,0.012267846622068878,0
2000-07-01,0.01242369731070017,0
2000-08-01,0.009667274060343678,0
2000-09-01,0.008999564993680022,0
2000-10-01,0.009679584938189276,0
2000-11-01,0.009999877934652662,0
2000-12-01,0.009497189886363399,0
2001-01-01,0.016858495662962707,0
2001-02-01,0.017056985886630904,0
2001-03-01,0.019179776813822408,0
2001-04-01,0.02654114881805459,1
2001-05-01,0.030992019352834303,1
2001-06-01,0.03083285264711703,1
2001-07-01,0.03035170315009253,1
2001-08-01,0.029317777370275876,1
2001-09-01,0.03261190604996716,1
2001-10-01,0.034079396470779406,1
2001-11-01,0.0428686326363488,1
2001-12-01,0.04740919878774131,0
2002-01-01,0.04319783392039902,0
2002-02-01,0.041182098563280825,0
2002-03-01,0.04328575560819998,0
2002-04-01,0.043346427523510735,0
2002-05-01,0.03818786599980683,0
2002-06-01,0.039377322982635805,0
2002-07-01,0.036350681950717896,0
2002-08-01,0.030367643053714196,0
2002-09-01,0.023744314037097158,0
2002-10-01,0.027628701253172232,0
2002-11-01,0.03501218988417987,0
2002-12-01,0.028399414625479572,0
2003-01-01,0.03192568298875823,0
2003-02-01,0.026782499832716456,0
2003-03-01,0.02990146217485349,0
2003-04-01,0.03023087119590945,0
2003-05-01,0.019535039887383723,0
2003-06-01,0.02397833108119012,0
2003-07-01,0.035980954670832156,0
2003-08-01,0.038010085800182676,0
2003-09-01,0.029840802217899205,0
2003-10-01,0.033709360129141754,0
2003-11-01,0.03270470752688141,0
2003-12-01,0.03305549906985252,0
2004-01-01,0.03232690986829206,0
2004-02-01,0.03060360182387833,0
2004-03-01,0.027954350186270373,0
2004-04-01,0.03661123329651302,0
2004-05-01,0.03702989615458051,0
2004-06-01,0.03150452245427653,0
2004-07-01,0.029203608022787,0
2004-08-01,0.024584825170517594,0
2004-09-01,0.02280112011772156,0
2004-10-01,0.021013684834669845,0
2004-11-01,0.021623381446567613,0
2004-12-01,0.019048950299655535,0
2005-01-01,0.016337722045071938,0
2005-02-01,0.017705831113672216,0
2005-03-01,0.018088460523956736,0
2005-04-01,0.013723599341904844,0
2005-05-01,0.011481196052276928,0
2005-06-01,0.010501631997862512,0
2005-07-01,0.014002685786742462,0
2005-08-01,0.009232155353354508,0
2005-09-01,0.011124136775562133,0
2005-10-01,0.012268180164024598,0
2005-11-01,0.009731204445101081,0
2005-12-01,0.008979668967931186,0
2006-01-01,0.01005988950091963,0
2006-02-01,0.010074341157132898,0
2006-03-01,0.011038815613047382,0
2006-04-01,0.011751422028932762,0
2006-05-01,0.010212653347179874,0
2006-06-01,0.008221975146607434,0
2006-07-01,0.006814044988411522,0
2006-08-01,0.0064376505372167325,0
2006-09-01,0.005605792450169321,0
2006-10-01,0.004963921005466251,0
2006-11-01,0.003400862500658426,0
2006-12-01,0.005726546556396246,0
2007-01-01,0.005629954378348953,0
2007-02-01,0.004812021042928569,0
2007-03-01,0.006913954153128955,0
2007-04-01,0.005116215873824838,0
2007-05-01,0.00820281700555004,0
2007-06-01,0.011013050917090424,0
2007-07-01,0.008836648941340555,0
2007-08-01,0.010114434410817823,0
2007-09-01,0.012939447458910349,0
2007-10-01,0.01152032207945036,0
2007-11-01,0.013408358397679385,0
2007-12-01,0.011602359497560312,0
2008-01-01,0.016070386718572176,1
2008-02-01,0.017804405733983276,1
2008-03-01,0.021931444528589972,1
2008-04-01,0.024118866049881497,1
2008-05-01,0.026680954335628594,1
2008-06-01,0.024029840534537196,1
2008-07-01,0.02156370889716842,1
2008-08-01,0.02016963396106857,1
2008-09-01,0.02266543148408335,1
2008-10-01,0.013066467467786768,1
2008-11-01,-0.005693927284883505,1
2008-12-01,0.004773479007127032,1
2009-01-01,0.01332639985886101,1
2009-02-01,0.01959610790206167,1
2009-03-01,0.013643301238081544,1
2009-04-01,0.024701221225427478,1
2009-05-01,0.02557822659989782,1
2009-06-01,0.03339712479985932,1
2009-07-01,0.029320328458492348,0
2009-08-01,0.03012561605356959,0
2009-09-01,0.027193307184367223,0
2009-10-01,0.030664628760364354,0
2009-11-01,0.025605389972283805,0
2009-12-01,0.03161307392487613,0
2010-01-01,0.02952922776860985,0
2010-02-01,0.029680659434305496,0
2010-03-01,0.034618193064081385,0
2010-04-01,0.03316465602499359,0
2010-05-01,0.031590023735512646,0
2010-06-01,0.02573207536462619,0
2010-07-01,0.018471736436967034,0
2010-08-01,0.014957428921469238,0
2010-09-01,0.013580693489701303,0
2010-10-01,0.012094925161381238,0
2010-11-01,0.01523482065632827,0
2010-12-01,0.025403988414786843,0
2011-01-01,0.02204779455229583,0
2011-02-01,0.027146378785833012,0
2011-03-01,0.029421473305075278,0
2011-04-01,0.024195632370889453,0
2011-05-01,0.018956523901779855,0
2011-06-01,0.02160673641655412,0
2011-07-01,0.012207157509967323,0
2011-08-01,0.007542527301480934,0
2011-09-01,0.008422051468866721,0
2011-10-01,0.008690576636202511,0
2011-11-01,0.008882272808388892,0
2011-12-01,0.006674159459068509,0
2012-01-01,0.0051511692595599895,0
2012-02-01,0.007669604947704452,0
2012-03-01,0.01123751491585841,0
2012-04-01,0.008464436261676067,0
2012-05-01,0.007181796818303593,0
2012-06-01,0.007898840092893232,0
2012-07-01,0.004852917279120688,0
2012-08-01,0.0037240259730835714,0
2012-09-01,0.005222269397854096,0
2012-10-01,0.006392754856037813,0
2012-11-01,0.004643334223438738,0
2012-12-01,0.006985574439588427,0
2013-01-01,0.009703512964989133,0
2013-02-01,0.007481347223309354,0
2013-03-01,0.007877865596508153,0
2013-04-01,0.006011892670032336,0
2013-05-01,0.012061557996992718,0
2013-06-01,0.019280457030496953,0
2013-07-01,0.018260177332198632,0
2013-08-01,0.02488260730600061,0
2013-09-01,0.020134369366742084,0
2013-10-01,0.018569994212509617,0
2013-11-01,0.018426166907073514,0
2013-12-01,0.025089257036592167,0
2014-01-01,0.022100630997292172,0
2014-02-01,0.02220247040767929,0
2014-03-01,0.02717663220083651,0
2014-04-01,0.02675834525655923,0
2014-05-01,0.02411081674336212,0
2014-06-01,0.0254410566692871,0
2014-07-01,0.031138769548649303,0
2014-08-01,0.028514627031944188,0
2014-09-01,0.030570484916854344,0
2014-10-01,0.027725510948343437,0
2014-11-01,0.024562518519111634,0
2014-12-01,0.02750142269788391,0
2015-01-01,0.01905443174196281,0
2015-02-01,0.024348826986411234,0
2015-03-01,0.02050164602262841,0
2015-04-01,0.021039320527448804,0
2015-05-01,0.021357968737667512,0
2015-06-01,0.02285919346390325,0
2015-07-01,0.020973797050884986,0
2015-08-01,0.021432061356586964,0
2015-09-01,0.018216812827203013,0
2015-10-01,0.020184845867297206,0
2015-11-01,0.01843978164689155,0
2015-12-01,0.019752158857689866,0
2016-01-01,0.014634771288110375,0
2016-02-01,0.012723783686642972,0
2016-03-01,0.011278394719617986,0
2016-04-01,0.013304537829164733,0
2016-05-01,0.013734596571219584,0
2016-06-01,0.009864731947727714,0
2016-07-01,0.00930028609634324,0
2016-08-01,0.011717338772604086,0
2016-09-01,0.010282552487896446,0
2016-10-01,0.012357929747301473,0
2016-11-01,0.02151865195265525,0
2016-12-01,0.020421951021559092,0
2017-01-01,0.020220442220671042,0
2017-02-01,0.020205738535732286,0
2017-03-01,0.019001249780791107,0
2017-04-01,0.015883556219941038,0
2017-05-01,0.012978941564590972,0
2017-06-01,0.013591107819335771,0
2017-07-01,0.013270377067382063,0
2017-08-01,0.010686778474268063,0
2017-09-01,0.01297433489075446,0
2017-10-01,0.0116140599277336,0
2017-11-01,0.011727245850008467,0
2017-12-01,0.01126802676034257,0
2018-01-01,0.014579160724122256,0
2018-02-01,0.015159147232397993,0
2018-03-01,0.012138733110398326,0
2018-04-01,0.014182714277428754,0
2018-05-01,0.01303568741425405,0
2018-06-01,0.012126910592208882,0
2018-07-01,0.011356156057681316,0
2018-08-01,0.010507209373100892,0
2018-09-01,0.01104726486575005,0
2018-10-01,0.010261536463169895,0
2018-11-01,0.00798763325796252,0
2018-12-01,0.004607659611352101,0
2019-01-01,0.004212291949461715,0
2019-02-01,0.005173662903320283,0
2019-03-01,0.003333474151742138,0
2019-04-01,0.003819729041094901,0
2019-05-01,0.0011570102382225792,0
2019-06-01,0.001581993765037889,0
2019-07-01,0.001760778507484514,0
2019-08-01,-0.0015455061855105454,0
2019-09-01,3.4221262036526013e-4,0
2019-10-01,0.002970067373992854,0
2019-11-01,0.0036880805349737956,0
2019-12-01,0.006092090469677658,0
2020-01-01,0.001105575905207259,0
2020-02-01,0.0016361515184896529,0
2020-03-01,0.003374319843506549,1
2020-04-01,0.003647845030686633,1
2020-05-01,0.0018280680994646732,0
2020-06-01,2.0277192645497467e-4,0
2020-07-01,0.001529823142162984,0
2020-08-01,0.0017743132394460394,0
2020-09-01,0.0015595433054866755,0
2020-10-01,0.003333948319220885,0
2020-11-01,0.0033066392406300386,0
2020-12-01,0.0031070560489113402,0
2021-01-01,0.0037581509681368446,0
2021-02-01,0.008937667805058027,0
2021-03-01,0.01237673262686037,0
2021-04-01,0.010813066063319877,0
2021-05-01,0.009936719093004386,0
2021-06-01,0.012379205095833401,0
2021-07-01,0.011024704390772399,0
2021-08-01,0.012157840454245181,0
2021-09-01,0.015115250382892662,0
2021-10-01,0.018537574579135057,0
2021-11-01,0.018347334540412954,0
2021-12-01,0.016010645241939948,0
2022-01-01,0.016374514948538938,0
2022-02-01,0.014993206758676204,0
2022-03-01,0.017674497705445193,0
2022-04-01,0.018324455217618628,0
2022-05-01,0.017167287333739432,0
2022-06-01,0.010041678107246193,0
2022-07-01,0.001821957878773291,0
2022-08-01,0.009761300656484041,0
2022-09-01,0.00990884993978959,0
2022-10-01,0.006116442800109875,0
2022-11-01,-0.0037612919384172093,0
2022-12-01,-0.0014194473738506866,0
2023-01-01,-0.006623085141898035,0
2023-02-01,-0.004516691626575221,0
2023-03-01,-0.0032653268659970838,0
2023-04-01,-0.007951536833645873,0
2023-05-01,-0.008251603376411648,0
2023-06-01,-0.00734200671178829,0
2023-07-01,-0.007668042238662311,0
2023-08-01,-0.005343609796545357,0
2023-09-01,-6.322834412433145e-4,0
2023-10-01,0.003781606766543542,0
2023-11-01,-0.0012279369989328472,0
2023-12-01,-0.002851854766180529,0
