forecasted_bond_maturity,parameter,forward_rate_maturity,estimate
2,theta_0,NA,-0.0068232195949002854
2,theta_1,1,-0.48273961256192327
2,theta_2,2,0.19285377463002315
2,theta_3,3,0.21265317513303664
2,theta_4,4,0.39246900878468843
2,theta_5,5,-0.1769482955748131
3,theta_0,NA,-0.010469679871220876
3,theta_1,1,-0.8103380823235208
3,theta_2,2,-0.2975592870869935
3,theta_3,3,1.1755040664056469
3,theta_4,4,0.6279260953216939
3,theta_5,5,-0.4926012105763977
4,theta_0,NA,-0.015346660963083944
4,theta_1,1,-1.1900917249344518
4,theta_2,2,-0.3536007443013243
4,theta_3,3,0.9855638138914202
4,theta_4,4,1.621129505565276
4,theta_5,5,-0.802229340631789
5,theta_0,NA,-0.021152809443767143
5,theta_1,1,-1.4663799291106523
5,theta_2,2,-0.3878294886357479
5,theta_3,3,0.8636326543504462
5,theta_4,4,1.6958827857390697
5,theta_5,5,-0.3871797286196988
