YEAR,MONTH,dp,dg,rf,re
1927,12,-3.143676371,0.129873707,0.053717824,0.29879075
1928,1,-3.142008903,0.105342157,0.042354066,0.283000072
1928,2,-3.117329871,0.101963217,0.04894937,0.233187249
1928,3,-3.203713097,0.07781801,0.043085959,0.307919664
1928,4,-3.242533308,0.084212134,0.042786663,0.34342515
1928,5,-3.240422853,0.076427764,0.042918829,0.305990159
1928,6,-3.185893186,0.095940355,0.060677024,0.301554411
1928,7,-3.196208426,0.065787444,0.043684006,0.220886798
1928,8,-3.243986062,0.051361664,0.038285692,0.258216407
1928,9,-3.285417424,0.025871867,0.033053335,0.234696392
1928,10,-3.299024063,0.035649468,0.046208895,0.304550999
1928,11,-3.382767227,0.042489373,0.04214019,0.345917674
1928,12,-3.376355333,0.068131975,0.046373347,0.334411824
1929,1,-3.414441154,0.080564675,0.0472707,0.385362257
1929,2,-3.400152715,0.073212099,0.035941631,0.388858482
1929,3,-3.373964177,0.100301828,0.04230518,0.304232896
1929,4,-3.388886703,0.104465914,0.049600854,0.284008625
1929,5,-3.294801049,0.116993604,0.05072751,0.207776456
1929,6,-3.406137388,0.084727232,0.041122792,0.337602282
1929,7,-3.433572114,0.091792816,0.02959443,0.360918177
1929,8,-3.507927532,0.083053336,0.03039156,0.376513742
1929,9,-3.439400432,0.121776742,0.042817126,0.307339728
1929,10,-3.199466972,0.134494699,0.037517843,0.074911823
1929,11,-3.078633867,0.091734632,0.037418216,-0.167404248
1929,12,-3.083557085,0.091809927,0.040477765,-0.156209939
1930,1,-3.122395977,0.103262725,0.044313473,-0.145673639
1930,2,-3.143040334,0.100945036,0.049580566,-0.113921018
1930,3,-3.222197563,0.072623748,0.049714825,-0.040049708
1930,4,-3.190272147,0.07072569,0.036419644,-0.087552748
1930,5,-3.194369924,0.031359119,0.046425365,-0.028897569
1930,6,-3.005725151,0.07016414,0.055735055,-0.281931526
1930,7,-3.048611298,0.074692939,0.07804272,-0.263933357
1930,8,-3.048184262,0.073961619,0.080992608,-0.339427792
1930,9,-2.907525096,0.056462832,0.073653988,-0.422240793
1930,10,-2.823345025,0.032637036,0.076006446,-0.285775695
1930,11,-2.829254986,0.015524995,0.079691476,-0.176475152
1930,12,-2.756925398,0.007008212,0.09006227,-0.258070659
1931,1,-2.833687468,-0.01902786,0.096831367,-0.250604289
1931,2,-2.941449919,-0.024391101,0.101029056,-0.174538556
1931,3,-2.884911472,-0.02544916,0.099324398,-0.308379902
1931,4,-2.793895613,-0.039978042,0.110356893,-0.376970812
1931,5,-2.673286829,-0.036660377,0.115747336,-0.490996474
1931,6,-2.815544127,-0.057156892,0.121074003,-0.189189646
1931,7,-2.760519787,-0.081468913,0.10769963,-0.308221818
1931,8,-2.795926411,-0.123163809,0.101057675,-0.31615487
1931,9,-2.481880891,-0.145804522,0.111846904,-0.491172944
1931,10,-2.578166163,-0.156977548,0.112593482,-0.328986724
1931,11,-2.476859714,-0.109114034,0.120427556,-0.380845299
1931,12,-2.361330692,-0.144245752,0.108591718,-0.449730447
1932,1,-2.375099153,-0.147812672,0.11765203,-0.517469959
1932,2,-2.456904349,-0.171072615,0.120975812,-0.573393395
1932,3,-2.371130969,-0.197365292,0.122003047,-0.621876495
1932,4,-2.196181732,-0.206153356,0.123040362,-0.698402387
1932,5,-2.004786149,-0.223177591,0.124246398,-0.765319582
1932,6,-2.042964438,-0.267836557,0.117814654,-0.918513866
1932,7,-2.377437623,-0.297383952,0.117514789,-0.591733858
1932,8,-2.732879182,-0.298854566,0.124894896,-0.298897154
1932,9,-2.730629813,-0.298023448,0.125685332,0.013867608
1932,10,-2.625699622,-0.313696349,0.125687495,-0.196273932
1932,11,-2.621061736,-0.38202063,0.118222405,-0.167615902
1932,12,-2.697138846,-0.38450204,0.117901754,0.016530095
1933,1,-2.721308558,-0.373378458,0.110327317,0.036545951
1933,2,-2.600079494,-0.388578151,0.109270491,-0.17376381
1933,3,-2.653236125,-0.377803622,0.108859401,-0.027644619
1933,4,-2.997772065,-0.377109207,0.101591017,0.473174252
1933,5,-3.213742021,-0.371896015,0.086898109,0.876478512
1933,6,-3.353753167,-0.351478263,0.07166689,0.993666407
1933,7,-3.254409897,-0.340148049,0.040556678,0.574701338
1933,8,-3.400588625,-0.345140328,0.025571971,0.355378582
1933,9,-3.292968158,-0.328546548,0.018037018,0.270262037
1933,10,-3.198598449,-0.292572598,0.010446361,0.320334492
1933,11,-3.261168113,-0.210820878,0.002899155,0.466912233
1933,12,-3.310118273,-0.212054578,-0.004605459,0.436785939
1934,1,-3.417636086,-0.204065838,-0.019590498,0.524525429
1934,2,-3.374218442,-0.162080378,-0.042262996,0.645730139
1934,3,-3.36815427,-0.137406016,-0.050368116,0.611385078
1934,4,-3.340015121,-0.11145078,-0.051267621,0.265615277
1934,5,-3.250378384,-0.076000825,-0.051567546,-0.001337211
1934,6,-3.271389246,-0.05382892,-0.051253023,-0.098941698
1934,7,-3.133272983,-9.02E-06,-0.020342772,-0.078493672
1934,8,-3.122166533,0.102208537,-0.012938132,-0.133095061
1934,9,-3.124800638,0.087462818,-0.027853203,-0.037697232
1934,10,-3.10728122,0.088545479,-0.020473096,0.040979436
1934,11,-3.19361616,0.05008663,-0.020573081,0.022738806
1934,12,-3.165764787,0.118548332,-0.013238087,0.015511312
1935,1,-3.126115446,0.096402607,-0.028453053,-0.152165876
1935,2,-3.095722487,0.088119219,-0.028231888,-0.146127999
1935,3,-3.049673296,0.088468483,-0.028331873,-0.183726031
1935,4,-3.139630295,0.067937239,-0.035604632,-0.090059969
1935,5,-3.158653596,0.068369415,-0.035604632,0.0182499
1935,6,-3.204621502,0.089616607,-0.020841201,0.062621593
1935,7,-3.279295894,0.065661362,-0.020841201,0.248647402
1935,8,-3.314759007,-0.007239446,-0.020841201,0.221051011
1935,9,-3.315206609,0.03819765,-0.006026115,0.264285911
1935,10,-3.371785803,0.041512635,-0.013406222,0.339769428
1935,11,-3.369022264,0.090723452,-0.020578997,0.299973608
1935,12,-3.395839516,0.070776363,-0.028013975,0.333814198
1936,1,-3.4462136,0.097477385,-0.013198889,0.448944416
1936,2,-3.45676368,0.109522228,-0.005972834,0.501608151
1936,3,-3.453947489,0.122903479,0.00139991,0.558308604
1936,4,-3.358121807,0.144523828,0.008772654,0.397224053
1936,5,-3.350755635,0.186838958,0.008872639,0.413398318
1936,6,-3.355468271,0.180651341,-0.005472919,0.365796176
1936,7,-3.402987106,0.192941347,-0.012693167,0.349364698
1936,8,-3.361024277,0.246261064,-0.019761672,0.326637573
1936,9,-3.345298244,0.246641381,-0.019761672,0.31137567
1936,10,-3.400814518,0.248473982,-0.019661687,0.310304873
1936,11,-3.278863427,0.355677397,-0.012488912,0.302497385
1936,12,-3.203925677,0.413008611,-0.012588907,0.260894643
1937,1,-3.235137016,0.39176453,-0.019706375,0.219288094
1937,2,-3.236937956,0.387068386,-0.01960639,0.205774678
1937,3,-3.214618593,0.379624104,-0.034046302,0.179679997
1937,4,-3.132555819,0.367547289,-0.040963899,0.184663521
1937,5,-3.098696727,0.3281666,-0.047532729,0.120227876
1937,6,-3.026882411,0.344302631,-0.040259969,0.063045393
1937,7,-3.109209493,0.330746307,-0.039760204,0.080637411
1937,8,-3.047322533,0.297991689,-0.032591715,0.030682854
1937,9,-2.8786599,0.286784869,-0.039164669,-0.125166409
1937,10,-2.779226091,0.271755793,-0.039164669,-0.289597229
1937,11,-2.67867468,0.133508221,-0.032191805,-0.400280535
1937,12,-2.628790466,0.066405411,-0.025271362,-0.439049183
1938,1,-2.641546841,0.077486204,-0.004267647,-0.447276874
1938,2,-2.705396211,0.067370467,0.00259954,-0.399466676
1938,3,-2.439699753,0.04547362,0.009466707,-0.645851571
1938,4,-2.579630674,0.034490549,0.009217153,-0.445368171
1938,5,-2.586222522,-0.023001869,0.022653169,-0.462872697
1938,6,-2.827917889,-0.079495958,0.022353214,-0.221007137
1938,7,-2.909739618,-0.086779607,0.028873697,-0.233192324
1938,8,-2.932464093,-0.147556198,0.028673717,-0.210519181
1938,9,-2.981681442,-0.202900264,0.035346656,-0.050414975
1938,10,-3.062444419,-0.199583098,0.042364139,0.12934754
1938,11,-3.189677349,-0.357668166,0.0346911,0.193694141
1938,12,-3.302211873,-0.437958769,0.027770657,0.271603302
1939,1,-3.242730104,-0.445722444,0.01368441,0.193774505
1939,2,-3.259589784,-0.420967363,0.013885727,0.170911273
1939,3,-3.134196716,-0.415155155,0.013885727,0.321955519
1939,4,-3.129851573,-0.393763653,0.028073147,0.199252607
1939,5,-3.175828117,-0.335050971,0.021105975,0.295465742
1939,6,-3.111167643,-0.297690602,0.02120597,0.029144277
1939,7,-3.205460105,-0.284213504,0.021305975,0.051247028
1939,8,-3.101038789,-0.200709564,0.02120597,0.011884343
1939,9,-3.244810733,-0.168991845,-0.00040022,0.132373001
1939,10,-3.242046242,-0.165552376,-0.000500215,0.052388847
1939,11,-3.109643662,0.071517075,1.00E-04,0.035133557
1939,12,-3.096349182,0.184433693,1.00E-04,0.022792622
1940,1,-3.067642757,0.197782059,0.007368459,0.068175319
1940,2,-3.05698275,0.189795265,-0.007068514,0.033145225
1940,3,-3.071826741,0.198104274,-0.006968509,0.18102925
1940,4,-3.062286304,0.199857349,-0.014188757,0.178011457
1940,5,-2.768745151,0.22243873,-0.014488772,-0.123793113
1940,6,-2.82302879,0.2149912,-0.021706235,-0.015420701
1940,7,-2.848680394,0.224801279,-0.014488772,-0.07567305
1940,8,-2.837760166,0.220446528,-0.014488772,0.014074258
1940,9,-2.851619206,0.238531539,0.006917438,-0.098515283
1940,10,-2.871571763,0.242919697,-0.00020003,-0.072489226
1940,11,-2.841412531,0.160087282,-0.00020003,-0.051439186
1940,12,-2.839550513,0.117589527,-0.007317498,-0.082401742
1941,1,-2.794168213,0.108526387,-0.014585992,-0.105580108
1941,2,-2.767924576,0.101153647,-0.007517508,-0.127004941
1941,3,-2.757977607,0.105469411,-0.01448468,-0.146889688
1941,4,-2.705899754,0.082532131,-0.021602258,-0.20918136
1941,5,-2.704755094,0.044559668,-0.028370907,0.045314395
1941,6,-2.737734256,0.043364838,-0.041872726,0.020779164
1941,7,-2.78698015,0.03838419,-0.048790234,0.036467722
1941,8,-2.773282322,0.004019354,-0.062103953,0.000125346
1941,9,-2.755646202,-0.010523574,-0.075337489,-0.044867352
1941,10,-2.692405551,-0.02486134,-0.088495574,-0.138504037
1941,11,-2.643913823,-0.018655267,-0.095010255,-0.147484137
1941,12,-2.566112201,-0.001687421,-0.094265307,-0.201100775
1942,1,-2.574192045,-0.017326263,-0.10678601,-0.163851825
1942,2,-2.551736122,-0.03800829,-0.112935238,-0.179139158
1942,3,-2.47496655,-0.054681403,-0.118446853,-0.256881611
1942,4,-2.426075513,-0.046126192,-0.11745983,-0.241257314
1942,5,-2.500128772,-0.082028759,-0.122537041,-0.207775116
1942,6,-2.52615168,-0.085191746,-0.101717774,-0.219844611
1942,7,-2.561288543,-0.100058255,-0.107834001,-0.251379959
1942,8,-2.598974601,-0.123762137,-0.100199368,-0.226354239
1942,9,-2.622357696,-0.117442398,-0.086665877,-0.180616005
1942,10,-2.697137133,-0.133636167,-0.085256176,-0.063680497
1942,11,-2.730307345,-0.191084474,-0.084411707,-0.041529082
1942,12,-2.79219446,-0.228084557,-0.083673968,0.057479624
1943,1,-2.862232418,-0.215759452,-0.070753304,0.127849068
1943,2,-2.922981854,-0.206299897,-0.064204117,0.217322992
1943,3,-2.979859051,-0.215989761,-0.069021136,0.338454512
1943,4,-2.989506127,-0.225842532,-0.074151449,0.386675611
1943,5,-3.036684957,-0.191957597,-0.067536288,0.391476189
1943,6,-3.046496114,-0.181951341,-0.067436313,0.384823481
1943,7,-2.999388587,-0.170304405,-0.055589411,0.316411996
1943,8,-3.008748796,-0.133213697,-0.04374666,0.324734655
1943,9,-3.014738111,-0.122613381,-0.049510365,0.317660303
1943,10,-3.008311423,-0.106094883,-0.037462027,0.253274138
1943,11,-2.926945581,-0.046777145,-0.03149186,0.202036362
1943,12,-2.983281845,-0.021955407,-0.025557124,0.218518548
1944,1,-2.996270139,-0.016506697,-0.025557124,0.166295582
1944,2,-2.985488851,-0.001005297,-0.025557124,0.110782032
1944,3,-3.002367413,0.022642809,-0.008061337,0.093626373
1944,4,-2.985597792,0.029882399,-0.00223119,0.075249158
1944,5,-3.01444681,0.046919819,0.003499485,0.072588564
1944,6,-3.055928244,0.044952156,-0.002198536,0.100388668
1944,7,-3.040211416,0.036181733,-0.013594948,0.123720937
1944,8,-3.03028437,0.051720989,-0.019358653,0.120428181
1944,9,-3.039444198,0.031647743,-0.013694923,0.103105235
1944,10,-3.034304849,0.043307847,-0.013694923,0.116287996
1944,11,-3.017081601,0.057082169,-0.013694923,0.195001987
1944,12,-3.061032405,0.04307356,-0.019428716,0.166599567
1945,1,-3.078823365,0.041085688,-0.019428716,0.168625057
1945,2,-3.132490629,0.034049082,-0.019528691,0.223735805
1945,3,-3.086839645,0.03303335,-0.019528691,0.162140443
1945,4,-3.159070615,0.04199046,-0.013798016,0.257051565
1945,5,-3.146278081,0.045832537,-0.019400272,0.219776408
1945,6,-3.164808315,0.015221239,-0.024913451,0.165456507
1945,7,-3.141406783,0.021827307,-0.019247714,0.165336628
1945,8,-3.196070436,0.00265733,-0.019247714,0.208550925
1945,9,-3.237468335,0.01768612,-0.019147739,0.254222229
1945,10,-3.273110813,0.013787469,-0.019147739,0.289781679
1945,11,-3.315491719,-0.008117332,-0.019247714,0.325965083
1945,12,-3.335815533,-0.010124967,-0.019023577,0.299625179
1946,1,-3.389073059,-0.004829554,-0.019023577,0.338603374
1946,2,-3.320261664,0.003391026,-0.013413946,0.226667586
1946,3,-3.371886801,-0.007046993,-0.024303092,0.311749022
1946,4,-3.406160744,-0.008077323,-0.029752697,0.271642904
1946,5,-3.44896446,-0.040382412,-0.029570509,0.293588006
1946,6,-3.40091798,-0.016296398,-0.0291121,0.252612105
1946,7,-3.359602903,-0.061040895,-0.086270514,0.191314163
1946,8,-3.280737796,-0.074048729,-0.106271181,0.047529472
1946,9,-3.158236908,-0.074305854,-0.116123477,-0.111915023
1946,10,-3.129136777,-0.082310895,-0.135541563,-0.183459616
1946,11,-3.133538372,-0.121180408,-0.159195674,-0.26049257
1946,12,-3.121361141,-0.058763954,-0.163031881,-0.230065848
1947,1,-3.126928844,-0.059628036,-0.163031881,-0.278854278
1947,2,-3.083282337,-0.042803828,-0.168541537,-0.234992741
1947,3,-3.055947566,-0.046129233,-0.175986117,-0.316064954
1947,4,-2.996089563,-0.037887743,-0.170536512,-0.39918577
1947,5,-2.954138021,0.001085965,-0.165116445,-0.442929904
1947,6,-2.987222856,0.01581928,-0.158919469,-0.348678824
1947,7,-3.021063885,0.056001834,-0.110810891,-0.234938847
1947,8,-2.983221404,0.069246747,-0.104233245,-0.178880163
1947,9,-2.956217213,0.062802234,-0.11605999,-0.088509795
1947,10,-2.975349417,0.073052919,-0.096342039,-0.030964186
1947,11,-2.895222834,0.154889418,-0.07662649,-0.029613633
1947,12,-2.906366806,0.108835705,-0.079684307,-0.052926906
1948,1,-2.861623235,0.094088392,-0.092023532,-0.115616134
1948,2,-2.804799571,0.081314038,-0.083149105,-0.138410413
1948,3,-2.856327652,0.118866042,-0.059851365,-0.024865666
1948,4,-2.885084891,0.098548496,-0.076301198,0.04189
1948,5,-2.956506096,0.063033003,-0.079994351,0.116094463
1948,6,-2.929588615,0.066707616,-0.083172276,0.061114448
1948,7,-2.88351365,0.051662872,-0.085994007,-0.031458014
1948,8,-2.857133027,0.068977667,-0.076061331,-0.001266263
1948,9,-2.808717838,0.086556953,-0.054282325,-0.002407291
1948,10,-2.848879705,0.102023926,-0.05039224,0.031848684
1948,11,-2.721160533,0.082586423,-0.038023239,-0.027751736
1948,12,-2.734232889,0.098844397,-0.021378802,-0.010367486
1949,1,-2.733911102,0.11377646,-0.00418202,0.049005988
1949,2,-2.677636424,0.127062372,-0.004088558,0.066365948
1949,3,-2.704455473,0.108930503,-0.008253051,0.021821894
1949,4,-2.678140905,0.121732216,0.004603544,-0.01877748
1949,5,-2.633639351,0.144121776,0.01318912,-0.109389985
1949,6,-2.623854858,0.131669803,0.017429529,-0.104050362
1949,7,-2.679373293,0.156884713,0.038304147,0.019099479
1949,8,-2.685705851,0.146144063,0.038183599,0.040666652
1949,9,-2.724034375,0.117071178,0.034490396,0.095934676
1949,10,-2.770757652,0.089336372,0.039303497,0.071946743
1949,11,-2.723973052,0.109835602,0.027262225,0.176198857
1949,12,-2.771474046,0.09917862,0.032059977,0.197110002
1950,1,-2.784969854,0.100032776,0.032048352,0.210992077
1950,2,-2.784148845,0.081117717,0.023680103,0.24757844
1950,3,-2.791165314,0.070439066,0.019433812,0.216690289
1950,4,-2.833722705,0.063919051,0.02362669,0.276630974
1950,5,-2.841615892,0.075327589,0.015205476,0.339997584
1950,6,-2.779783569,0.066896565,0.015187821,0.283028101
1950,7,-2.788204413,0.052796577,-0.005641944,0.221340468
1950,8,-2.763139794,0.099398505,-0.009596016,0.238015368
1950,9,-2.790474667,0.127049894,-0.009410015,0.253071503
1950,10,-2.78306869,0.132132848,-0.025677051,0.20445507
1950,11,-2.713836416,0.161303839,-0.025223604,0.215345065
1950,12,-2.75566981,0.151442623,-0.045535254,0.197266202
1951,1,-2.803548938,0.135791805,-0.065255333,0.213200616
1951,2,-2.792628845,0.133900884,-0.076897246,0.201837727
1951,3,-2.75921023,0.140990854,-0.07643456,0.170452336
1951,4,-2.806596795,0.145765816,-0.076035,0.17729575
1951,5,-2.751184199,0.143193351,-0.07547536,0.114658131
1951,6,-2.719946871,0.15223028,-0.071065047,0.156192693
1951,7,-2.786295259,0.160996071,-0.058239132,0.218910451
1951,8,-2.8243053,0.103219656,-0.049674967,0.222040555
1951,9,-2.831729971,0.080839945,-0.05306075,0.17933613
1951,10,-2.797308222,0.088605765,-0.048322095,0.162032623
1951,11,-2.864886084,-0.06681172,-0.051869894,0.139662838
1951,12,-2.908122116,-0.079396586,-0.04347815,0.126196525
1952,1,-2.926007747,-0.073883105,-0.027405081,0.100798673
1952,2,-2.871476758,-0.052292835,-0.007887689,0.081625724
1952,3,-2.916646961,-0.061094166,-0.004004189,0.149043959
1952,4,-2.859897996,-0.0594838,-0.007899135,0.049511868
1952,5,-2.883216227,-0.078764344,-0.003930783,0.107712791
1952,6,-2.918542954,-0.084154274,-0.00741191,0.167045956
1952,7,-2.92147405,-0.086354908,-0.014731022,0.101278036
1952,8,-2.918212705,-0.093604781,-0.014531302,0.052923697
1952,9,-2.88969767,-0.077337195,-0.006439516,0.034733214
1952,10,-2.883866041,-0.083222581,-0.00281512,0.057745923
1952,11,-2.939115646,-0.010295333,0.004689585,0.115494365
1952,12,-2.966749698,0.006013783,0.008869748,0.114830867
1953,1,-2.971697796,0.005503573,0.012721943,0.101141479
1953,2,-2.953620375,-0.010581628,0.009112373,0.122398211
1953,3,-2.935334474,-0.007873827,0.006044876,0.062564179
1953,4,-2.910855154,-0.013330711,0.010239388,0.090625992
1953,5,-2.909432194,-0.018077374,0.006886439,0.06121164
1953,6,-2.883774535,-0.013656682,0.007228346,0.00599043
1953,7,-2.908566705,-0.013366176,0.014747178,0.026844281
1953,8,-2.854620428,-0.005225825,0.01122246,-0.012837024
1953,9,-2.851398923,-0.008270598,0.01122246,0.009587389
1953,10,-2.902762825,-0.017396683,0.007412015,0.054918975
1953,11,-2.911087313,0.002428418,0.010922774,0.027387646
1953,12,-2.89522676,0.016133626,0.010623209,-0.001577031
1954,1,-2.943745023,0.021600238,0.006371533,0.044975469
1954,2,-2.954850301,0.007446222,0.001905785,0.059451442
1954,3,-2.984559537,0.012521873,0.004673566,0.111071975
1954,4,-3.02560824,0.020619357,0.007698839,0.18276
1954,5,-3.046645428,0.02319557,0.006528108,0.206832418
1954,6,-3.048266235,0.02860234,0.009067868,0.239444186
1954,7,-3.097475533,0.028606517,0.008068867,0.261688267
1954,8,-3.05139322,0.046773648,0.010594584,0.28975517
1954,9,-3.114131599,0.044931387,0.013619857,0.351122957
1954,10,-3.091333372,0.060603821,0.016731036,0.293613484
1954,11,-3.143027807,0.076432088,0.012820596,0.350619427
1954,12,-3.199449756,0.062299801,0.016059443,0.406497687
1955,1,-3.205859775,0.060476604,0.015759728,0.362315833
1955,2,-3.222526829,0.06988875,0.015959568,0.376645814
1955,3,-3.208944783,0.076584384,0.016159388,0.340574135
1955,4,-3.239393633,0.072687191,0.012534894,0.324911886
1955,5,-3.226658636,0.090636469,0.017158439,0.30957217
1955,6,-3.287933593,0.085109315,0.017558119,0.361427655
1955,7,-3.307399799,0.081989152,0.014319422,0.327870395
1955,8,-3.282489576,0.088572004,0.015418269,0.356515773
1955,9,-3.273611223,0.088469484,0.008668597,0.28511909
1955,10,-3.248246583,0.082278116,0.009767223,0.277298203
1955,11,-3.260949176,0.100509097,0.01086596,0.256065286
1955,12,-3.267657249,0.112948601,0.011850739,0.218543947
1956,1,-3.221778093,0.129354838,0.013248642,0.184382399
1956,2,-3.247301385,0.129288824,0.014247244,0.192205613
1956,3,-3.309633855,0.120257218,0.01474662,0.256824449
1956,4,-3.309372051,0.12030555,0.011920918,0.226171354
1956,5,-3.226208614,0.125023662,0.009108677,0.163513314
1956,6,-3.255586106,0.121373468,0.002727072,0.126859401
1956,7,-3.290279376,0.131692313,0.000337437,0.151138548
1956,8,-3.251490093,0.115401134,0.004093583,0.122387442
1956,9,-3.19345147,0.115816929,0.004361332,0.075867795
1956,10,-3.180843686,0.131665448,0.001416839,0.104973101
1956,11,-3.218689994,0.0443912,0.001716285,0.04135988
1956,12,-3.241346923,0.037784915,-0.00503914,0.049840302
1957,1,-3.202170096,0.025863224,-0.004540362,0.046123655
1957,2,-3.165112208,0.02689368,-0.007658075,-0.013952609
1957,3,-3.178255732,0.029634209,-0.010463199,-0.060929995
1957,4,-3.212397605,0.034437713,-0.009730786,-0.02306608
1957,5,-3.246999093,0.004677274,-0.009298761,0.063621301
1957,6,-3.2338911,0.009677295,-0.005084598,0.026629641
1957,7,-3.233756444,0.004614049,-0.00405286,-0.013256426
1957,8,-3.180153637,-0.003607178,-0.006910848,-0.034205547
1957,9,-3.112395861,0.001247466,-0.002456293,-0.03627537
1957,10,-3.070581816,-0.014802833,0.001585621,-0.079714587
1957,11,-3.100632667,0.009219431,-0.001143635,-0.064801193
1957,12,-3.056047361,0.008681079,0.002486133,-0.130619456
1958,1,-3.109147697,-0.008620303,-0.004431713,-0.057971345
1958,2,-3.084127012,-0.013280513,-0.002012917,-0.049512279
1958,3,-3.111740637,-0.021556831,-0.006775743,-0.044511232
1958,4,-3.139544013,-0.028172091,-0.008348483,-0.058634483
1958,5,-3.169869806,-0.032714997,-0.006267892,-0.06869364
1958,6,-3.190353199,-0.028917229,-0.004799995,-0.032122217
1958,7,-3.233747777,-0.034728288,-0.003457755,0.003915832
1958,8,-3.262827233,-0.043970651,-0.002100481,0.07626846
1958,9,-3.299490608,-0.04201131,-0.002798909,0.181320821
1958,10,-3.326932206,-0.042944521,-0.00389633,0.248679456
1958,11,-3.363227169,-0.042032307,-0.005519917,0.254599636
1958,12,-3.418945901,-0.047962321,-0.002265223,0.347158399
1959,1,-3.426135141,-0.037237441,0.000599826,0.311745014
1959,2,-3.43762835,-0.043063917,0.004752977,0.342072535
1959,3,-3.439231466,-0.037404121,0.013019635,0.321671939
1959,4,-3.479782416,-0.042976392,0.014229931,0.327610903
1959,5,-3.488103899,-0.024455532,0.015328119,0.323879702
1959,6,-3.480914861,-0.02878251,0.0140827,0.292094212
1959,7,-3.519561245,-0.033333032,0.015903524,0.281662881
1959,8,-3.488589486,-0.007600048,0.013947567,0.248248951
1959,9,-3.437327522,-0.016095444,0.011725768,0.153385952
1959,10,-3.455867737,-0.021367998,0.009515736,0.138639662
1959,11,-3.446754245,0.015024456,0.014467202,0.129903718
1959,12,-3.463017198,0.026190536,0.012209616,0.101115986
1960,1,-3.391542735,0.03372464,0.020267778,0.032234956
1960,2,-3.391908056,0.040882692,0.014403991,0.028253227
1960,3,-3.37196031,0.044352335,0.015700297,0.010827598
1960,4,-3.354768614,0.048985652,0.015659137,-0.041706487
1960,5,-3.372824895,0.052762915,0.016157915,-0.028798347
1960,6,-3.393107177,0.048213906,0.016116406,-0.006541957
1960,7,-3.373054368,0.054091767,0.018349217,-0.058704976
1960,8,-3.377745776,0.060879986,0.018149576,-0.01640875
1960,9,-3.325161282,0.051742474,0.020071899,-0.025088749
1960,10,-3.317838367,0.053540368,0.0159471,-0.048898847
1960,11,-3.350463301,0.040023394,0.01464963,-0.021800325
1960,12,-3.413164769,0.014140036,0.012854118,-0.003306387
1961,1,-3.468502649,0.014607483,0.00805059,0.122255326
1961,2,-3.502119865,0.007344838,0.009960966,0.147244992
1961,3,-3.53296453,0.000443612,0.008465079,0.190247287
1961,4,-3.541276321,-0.001475227,0.011661028,0.213596925
1961,5,-3.552937258,-0.00242048,0.010763048,0.205929805
1961,6,-3.526327544,-0.003752803,0.013748024,0.158456042
1961,7,-3.557457927,-0.009127294,0.007558262,0.203388595
1961,8,-3.553962607,-0.001957153,0.010597628,0.202469065
1961,9,-3.552201731,-0.014958151,0.007358562,0.240340707
1961,10,-3.568726053,0.000100088,0.013793208,0.278789447
1961,11,-3.575017287,0.024674141,0.013992928,0.276857828
1961,12,-3.590177811,0.025669274,0.014292404,0.229901901
1962,1,-3.538309704,0.033660309,0.014791331,0.13211547
1962,2,-3.534059632,0.051458671,0.012062523,0.112166821
1962,3,-3.550092173,0.031807401,0.012062523,0.077252292
1962,4,-3.481488045,0.035025763,0.009244797,0.005535436
1962,5,-3.361280325,0.052164403,0.00984354,-0.105389878
1962,6,-3.291607442,0.038313478,0.00984354,-0.15988762
1962,7,-3.342672235,0.054902434,0.01412472,-0.125151076
1962,8,-3.3670741,0.019635536,0.011684157,-0.133344028
1962,9,-3.311009146,0.042210022,0.012127403,-0.163152841
1962,10,-3.303857943,0.040114531,0.012726086,-0.188671297
1962,11,-3.393234179,0.015764926,0.013225213,-0.132970489
1962,12,-3.396043632,0.03991222,0.013624375,-0.12126547
1963,1,-3.450002072,0.021687257,0.01372413,-0.035368279
1963,2,-3.417144962,0.011285356,0.017351277,-0.07334998
1963,3,-3.445281196,0.033055821,0.014366558,-0.040357472
1963,4,-3.484897876,0.040216461,0.017982607,0.073822648
1963,5,-3.484538935,0.02831354,0.017982607,0.181779184
1963,6,-3.465171216,0.04357359,0.015008638,0.247926139
1963,7,-3.454607155,0.040623803,0.015051781,0.183669443
1963,8,-3.503968737,0.045147246,0.015251302,0.211676192
1963,9,-3.463486493,0.070887025,0.019144761,0.25420427
1963,10,-3.484041719,0.066044351,0.016291649,0.276449959
1963,11,-3.453148631,0.07586542,0.016990008,0.166935299
1963,12,-3.467463149,0.069756474,0.014346958,0.171895352
1964,1,-3.495331328,0.070596251,0.014845586,0.145813084
1964,2,-3.495557188,0.077588741,0.015144853,0.185881896
1964,3,-3.502630207,0.086442287,0.019226774,0.173464718
1964,4,-3.501904749,0.084201183,0.019625697,0.130902694
1964,5,-3.509765335,0.073223693,0.019825199,0.12791562
1964,6,-3.513963538,0.083057031,0.020565653,0.161193231
1964,7,-3.537486996,0.070735609,0.020906832,0.1822868
1964,8,-3.507273933,0.090120015,0.024426653,0.122963165
1964,9,-3.543171501,0.05319477,0.021305764,0.161390903
1964,10,-3.55838265,0.043153586,0.0245578,0.145581224
1964,11,-3.543414585,0.033169882,0.021546966,0.15194013
1964,12,-3.537246134,0.039366485,0.024987861,0.137827628
1965,1,-3.57267174,0.044406649,0.02478844,0.149440756
1965,2,-3.564466906,0.042542475,0.025187323,0.139370888
1965,3,-3.54447254,0.039428081,0.022485651,0.109744991
1965,4,-3.575924836,0.033755862,0.019495257,0.135380929
1965,5,-3.550497638,0.045833198,0.019993836,0.11487143
1965,6,-3.488346457,0.040491446,0.017374009,0.044968314
1965,7,-3.507243835,0.045551809,0.02069432,0.044847478
1965,8,-3.514729499,0.046156193,0.017972185,0.082933496
1965,9,-3.542272537,0.059736934,0.021491917,0.087374374
1965,10,-3.570410669,0.063575204,0.018531759,0.103358743
1965,11,-3.53987351,0.08253196,0.022340121,0.107594859
1965,12,-3.554501038,0.068755559,0.019389874,0.114204878
1966,1,-3.563045618,0.06907766,0.020386585,0.087409392
1966,2,-3.535789868,0.065699918,0.014615352,0.065742238
1966,3,-3.505103054,0.064682938,0.01489449,0.054914659
1966,4,-3.524825952,0.064221399,0.012172114,0.04215393
1966,5,-3.452577907,0.061323574,0.013168527,-0.005423218
1966,6,-3.440291827,0.056892401,0.016725471,0.04039005
1966,7,-3.422830638,0.059988421,0.014042488,0.007674456
1966,8,-3.321005888,0.054062675,0.008704551,-0.104181363
1966,9,-3.31415214,0.050458876,0.009601367,-0.14194225
1966,10,-3.35548868,0.047607189,0.008058048,-0.133017422
1966,11,-3.364815773,0.021404041,0.00855618,-0.119669377
1966,12,-3.367662716,0.028120115,0.012403243,-0.124828882
1967,1,-3.435412757,0.03966454,0.012901226,-0.056264141
1967,2,-3.44082939,0.0329355,0.019270486,-0.030489391
1967,3,-3.485142574,0.022557679,0.019455326,0.032786276
1967,4,-3.522513861,0.024828583,0.022441463,0.051614139
1967,5,-3.463279785,0.02209748,0.018627818,0.063645534
1967,6,-3.490916789,0.019712938,0.017615053,0.100355744
1967,7,-3.536713422,0.017229826,0.017299532,0.159805833
1967,8,-3.517813456,0.010420683,0.019448569,0.236461007
1967,9,-3.547889821,0.011150757,0.01567081,0.273267242
1967,10,-3.50857782,0.025448194,0.018199129,0.20803736
1967,11,-3.521097384,0.010196867,0.014837679,0.195616776
1967,12,-3.552422636,0.006955859,0.011186012,0.219968033
1968,1,-3.50273421,-0.000839106,0.005004882,0.096152725
1968,2,-3.454701075,0.004317393,0.002375502,0.049296921
1968,3,-3.468880506,-0.002129645,0.002391079,0.012284801
1968,4,-3.544931437,0.008142265,0.00360148,0.059021539
1968,5,-3.575850027,-0.013638737,0.004910652,0.126538522
1968,6,-3.581397499,-0.009603369,0.00373223,0.108333712
1968,7,-3.54413845,0.000294389,0.002676903,0.036203375
1968,8,-3.557810166,-0.00840076,0.003901209,0.059698518
1968,9,-3.603366439,-0.013533472,0.005124659,0.068810848
1968,10,-3.593861769,-0.010460723,0.002912529,0.101944067
1968,11,-3.652538112,-0.005815356,0.003644307,0.151220254
1968,12,-3.598949836,0.010076609,0.004773857,0.083588848
1969,1,-3.603465278,-0.010821445,0.009137269,0.116774705
1969,2,-3.531802023,-0.010891324,0.007160311,0.0950421
1969,3,-3.554941436,-0.000284259,0.002531703,0.113958845
1969,4,-3.575873492,-0.018284713,0.00091326,0.04026372
1969,5,-3.555881049,0.009587643,0.001363598,0.017774741
1969,6,-3.479550394,0.011362461,0.002460753,-0.060128815
1969,7,-3.412509905,-0.00322592,0.003255778,-0.102427572
1969,8,-3.456316189,-0.003215026,0.00149328,-0.073650591
1969,9,-3.42298166,0.007915092,0.00353737,-0.140375225
1969,10,-3.472921796,-0.00512592,0.005434569,-0.095511232
1969,11,-3.446738855,-0.013223802,0.003911141,-0.187670398
1969,12,-3.430670657,-0.037811974,0.003501682,-0.174238646
1970,1,-3.349068899,-0.022320393,0.004361682,-0.242202273
1970,2,-3.406301092,-0.040106388,0.006278287,-0.132981726
1970,3,-3.390177462,-0.033975441,0.010468268,-0.165592208
1970,4,-3.286753883,-0.042380186,0.007871955,-0.294806334
1970,5,-3.234544129,-0.081082993,0.008526441,-0.363797309
1970,6,-3.175952482,-0.08359466,0.009534142,-0.346286439
1970,7,-3.236606781,-0.073041421,0.00974287,-0.21040001
1970,8,-3.296005907,-0.085337332,0.0154614,-0.209286006
1970,9,-3.338760437,-0.094221441,0.012249969,-0.143576697
1970,10,-3.314536901,-0.09352,0.011144638,-0.216199123
1970,11,-3.372173093,-0.094674806,0.010831868,-0.135501209
1970,12,-3.436406951,-0.09480389,0.008924833,-0.057394426
1971,1,-3.481413799,-0.090217594,0.009384567,0.072427471
1971,2,-3.492347519,-0.079525598,0.009265921,0.036496393
1971,3,-3.524954737,-0.077573482,0.009323839,0.086231523
1971,4,-3.550218976,-0.056462507,0.01245823,0.235316293
1971,5,-3.503624913,-0.034884356,0.00768693,0.263840779
1971,6,-3.50492331,-0.040179644,0.003348229,0.318397634
1971,7,-3.469429772,-0.054205233,0.004835097,0.209277681
1971,8,-3.489899837,-0.024407455,0.001784093,0.199534406
1971,9,-3.486752919,-0.023942724,0.005206894,0.154190984
1971,10,-3.452526946,-0.033779782,0.006951701,0.135384766
1971,11,-3.445730902,-0.014072143,0.011118723,0.090869454
1971,12,-3.528245156,-0.00490443,0.010780425,0.115867516
1972,1,-3.557344194,-0.012239085,0.00988343,0.091806793
1972,2,-3.589448103,-0.021720673,0.006740777,0.102619099
1972,3,-3.611014363,-0.044312556,0.006526378,0.068412779
1972,4,-3.62885138,-0.064381618,0.006710428,0.040451197
1972,5,-3.633557767,-0.059740997,0.009378529,0.096270838
1972,6,-3.613224575,-0.057310114,0.013596796,0.077598764
1972,7,-3.611920244,-0.056671468,0.010375307,0.112460886
1972,8,-3.645752669,-0.076232638,0.008652319,0.105387113
1972,9,-3.633142064,-0.072199079,0.005975257,0.100279752
1972,10,-3.648586922,-0.073231881,0.003982743,0.148523018
1972,11,-3.666551438,-0.050852302,0.001621467,0.195211407
1972,12,-3.677087232,-0.053083161,0.004143812,0.120740803
1973,1,-3.643225846,-0.048742473,0.00328818,0.062970455
1973,2,-3.601846922,-0.053128763,0.002719723,-0.013821929
1973,3,-3.588884853,-0.043174045,-0.002249614,-0.038049228
1973,4,-3.520796522,-0.020912094,-0.00445086,-0.099820014
1973,5,-3.506850582,-0.046927119,-0.006809759,-0.144084025
1973,6,-3.491454272,-0.045522838,-0.009028031,-0.137291186
1973,7,-3.527796033,-0.021070955,-0.003218819,-0.076248615
1973,8,-3.493565625,-0.035510649,-0.014652786,-0.157758079
1973,9,-3.548039841,-0.041648266,-0.011106753,-0.098375883
1973,10,-3.533424264,-0.026960137,-0.012691092,-0.113336388
1973,11,-3.383303519,-0.043163411,-0.01499601,-0.29303926
1973,12,-3.381519648,-0.033362926,-0.016468542,-0.29549984
1974,1,-3.376242841,-0.035243032,-0.020849219,-0.268621432
1974,2,-3.355225911,-0.016266344,-0.02493337,-0.228581116
1974,3,-3.326805708,-0.018642399,-0.027289382,-0.245443572
1974,4,-3.26583137,-0.015664728,-0.02227475,-0.233174963
1974,5,-3.210216017,0.003685781,-0.025455125,-0.253393611
1974,6,-3.173801383,0.010545374,-0.02594639,-0.266115075
1974,7,-3.100312863,-0.017404586,-0.031220622,-0.400837272
1974,8,-2.975134047,0.016055487,-0.026389176,-0.452595377
1974,9,-2.838130649,0.026877168,-0.034812519,-0.626146161
1974,10,-2.984905002,0.018668316,-0.037226738,-0.48054253
1974,11,-2.929487931,0.009660366,-0.038665553,-0.392109043
1974,12,-2.881962362,0.012285906,-0.039291848,-0.432759791
1975,1,-3.01993261,0.002116555,-0.035014257,-0.306542724
1975,2,-3.043874312,0.017032527,-0.03136159,-0.247769588
1975,3,-3.05877088,0.034636838,-0.024024889,-0.187521246
1975,4,-3.099524972,0.023457374,-0.026719068,-0.098764575
1975,5,-3.145525723,0.023580419,-0.023033272,0.001033762
1975,6,-3.157633805,0.048392618,-0.02421763,0.073871892
1975,7,-3.079617058,0.062870481,-0.029406441,0.087125918
1975,8,-3.061430321,0.035690468,-0.020370733,0.167744388
1975,9,-3.021442767,0.024014953,-0.016733185,0.254907799
1975,10,-3.071058148,0.029203197,-0.011882391,0.160685344
1975,11,-3.125439553,-0.006307194,-0.012638494,0.232625012
1975,12,-3.114237869,-0.020960561,-0.010698721,0.254769321
1976,1,-3.229354035,-0.009975389,-0.009746998,0.238265764
1976,2,-3.240451158,-0.042837913,-0.006585994,0.192138377
1976,3,-3.25963667,-0.048161074,-0.004673815,0.190388045
1976,4,-3.258499429,-0.061584312,-0.004656508,0.135115555
1976,5,-3.210198512,-0.0339198,-0.006803453,0.070308841
1976,6,-3.284188451,-0.099556946,-0.004409305,0.063783704
1976,7,-3.292166393,-0.121819237,0.001355217,0.127229062
1976,8,-3.250350156,-0.079352036,-0.002638963,0.147596103
1976,9,-3.272634277,-0.076364988,-0.001503228,0.212032167
1976,10,-3.254708877,-0.085292537,-0.002711339,0.136224194
1976,11,-3.194760274,0.010239457,0.002722998,0.119719246
1976,12,-3.24155515,0.022637488,0.002094271,0.188312645
1977,1,-3.186822405,0.03241605,-0.002342402,0.030357144
1977,2,-3.144549027,0.055840726,-0.008856248,0.002122558
1977,3,-3.118085999,0.059134136,-0.014010349,-0.039125496
1977,4,-3.122248215,0.065009146,-0.019205572,-0.02812702
1977,5,-3.0779365,0.06076389,-0.017088288,-0.026472949
1977,6,-3.11686714,0.100136035,-0.018702955,-0.023842567
1977,7,-3.096233663,0.121990584,-0.018863115,-0.029715529
1977,8,-3.057119371,0.108450172,-0.01669711,-0.038829755
1977,9,-3.032658674,0.131177144,-0.016581058,-0.061736116
1977,10,-2.982035386,0.145952163,-0.013841861,-0.077274659
1977,11,-2.994389811,0.105642761,-0.015979024,-0.04587357
1977,12,-2.9942528,0.101090737,-0.014866476,-0.097350948
1978,1,-2.894401439,0.123363885,-0.014851146,-0.115201544
1978,2,-2.863205954,0.121447924,-0.009931019,-0.104379601
1978,3,-2.893231812,0.106734392,-0.009610123,-0.064202899
1978,4,-2.950224361,0.128752803,-0.007504699,0.007733768
1978,5,-2.922012833,0.139821668,-0.010469153,0.036324628
1978,6,-2.882502669,0.15134631,-0.013258352,-0.028535229
1978,7,-2.927500028,0.15050259,-0.014574469,0.033916046
1978,8,-2.93042188,0.16155084,-0.01466293,0.086852184
1978,9,-2.921140007,0.132751503,-0.017057413,0.073704062
1978,10,-2.785857993,0.131625655,-0.020898523,-0.004702806
1978,11,-2.799958847,0.119366179,-0.018513116,-0.016029599
1978,12,-2.811659113,0.115236255,-0.016846766,-0.008989295
1979,1,-2.846004826,0.083931263,-0.016467312,0.091986702
1979,2,-2.775427742,0.097517345,-0.019048638,0.070196976
1979,3,-2.797977565,0.130717766,-0.018428852,0.09461239
1979,4,-2.789152082,0.119033584,-0.01938679,0.01761917
1979,5,-2.765264529,0.075094924,-0.019628709,-0.020596435
1979,6,-2.809230028,0.048707734,-0.017279245,0.033941111
1979,7,-2.810833997,0.048869382,-0.018557898,-0.009381712
1979,8,-2.861720454,0.015176892,-0.021446318,0.002071292
1979,9,-2.840467642,0.031385294,-0.022596003,0.007469703
1979,10,-2.739626614,0.041002842,-0.019739241,0.057365402
1979,11,-2.792178198,0.025356856,-0.021668018,0.077059068
1979,12,-2.771174818,0.060366991,-0.026026459,0.080590544
1980,1,-2.80910253,0.06319303,-0.031144932,0.084803997
1980,2,-2.804954734,0.021411461,-0.03195262,0.109687916
1980,3,-2.695112836,-0.036956747,-0.033007958,-0.074469447
1980,4,-2.751913208,-0.058144305,-0.028232013,-0.033530445
1980,5,-2.81028938,-0.063409985,-0.025491988,0.040060714
1980,6,-2.829933666,-0.048693797,-0.027293568,0.029350742
1980,7,-2.892161573,-0.046096563,-0.018673832,0.089204113
1980,8,-2.906365147,-0.043181578,-0.017663314,0.054694927
1980,9,-2.926825016,-0.053508874,-0.016043517,0.0850299
1980,10,-2.953054628,-0.085840532,-0.016718752,0.178451753
1980,11,-3.048632554,-0.085654388,-0.015971235,0.217133526
1980,12,-3.038134615,-0.151960686,-0.011239655,0.161810369
1981,1,-3.035878531,-0.204794807,-0.00270033,0.06889574
1981,2,-3.016623845,-0.166687683,0.002830312,0.09278659
1981,3,-3.040225162,-0.120948121,0.011122191,0.270879951
1981,4,-3.027504499,-0.108344809,0.013759525,0.214546355
1981,5,-3.010428408,-0.07660877,0.01912898,0.171625482
1981,6,-2.950086306,-0.042209578,0.028530317,0.128954747
1981,7,-2.949016308,-0.060217317,0.024591004,0.047702343
1981,8,-2.862258069,-0.043704426,0.030546247,-0.032244745
1981,9,-2.733940424,0.01002153,0.034062651,-0.11992319
1981,10,-2.761085262,0.05406364,0.043969993,-0.076600755
1981,11,-2.776948511,0.080015583,0.050072929,-0.131299771
1981,12,-2.707268882,0.147011979,0.051836994,-0.119266383
1982,1,-2.687606163,0.185709698,0.054350985,-0.096734079
1982,2,-2.627271761,0.165875893,0.059981163,-0.153693279
1982,3,-2.602249512,0.165507311,0.065566463,-0.200979012
1982,4,-2.637073419,0.173852504,0.068593909,-0.147453321
1982,5,-2.595947784,0.152999835,0.066090407,-0.189555403
1982,6,-2.603297612,0.07150853,0.058655877,-0.203863114
1982,7,-2.575318177,0.08485027,0.062613045,-0.215476964
1982,8,-2.659807136,0.088592437,0.063029226,-0.046235629
1982,9,-2.731045134,-0.020650867,0.063451105,0.039570569
1982,10,-2.870535266,-0.079031498,0.056390346,0.085539622
1982,11,-2.917605293,-0.095804204,0.057273005,0.097504796
1982,12,-2.952349795,-0.150685726,0.062574865,0.145294423
1983,1,-2.971567857,-0.122524924,0.062622323,0.211390959
1983,2,-3.005191078,-0.129759489,0.061799558,0.296501596
1983,3,-3.037348055,-0.143866646,0.057269863,0.338079139
1983,4,-3.118603559,-0.163774088,0.050207304,0.36102517
1983,5,-3.141882857,-0.180086306,0.04991162,0.408143001
1983,6,-3.170161579,-0.132003155,0.056463726,0.475999696
1983,7,-3.138717652,-0.138432174,0.05452058,0.467392812
1983,8,-3.161904597,-0.183684222,0.053571258,0.359886235
1983,9,-3.158963093,-0.113411479,0.053122864,0.356099143
1983,10,-3.132053321,-0.085675919,0.054896415,0.218545357
1983,11,-3.161268026,-0.093867352,0.051574814,0.191294245
1983,12,-3.146247377,-0.071497369,0.047093004,0.16451408
1984,1,-3.134177636,-0.097249105,0.04392952,0.107975181
1984,2,-2.942472927,0.044813704,0.040950775,0.033487242
1984,3,-2.949490251,0.047517258,0.039992801,0.01070079
1984,4,-2.917588084,0.093019461,0.043248512,-0.055342913
1984,5,-2.860380061,0.110819216,0.047303127,-0.115015221
1984,6,-2.716653572,0.261425389,0.048219964,-0.128079645
1984,7,-2.677131866,0.282724509,0.049175953,-0.112362099
1984,8,-2.753324387,0.329744257,0.049033839,-0.017067802
1984,9,-2.728100724,0.334662865,0.050230137,-0.032902431
1984,10,-2.683145766,0.378625718,0.05273085,-0.004168486
1984,11,-2.641673772,0.410678374,0.055006961,-0.040097226
1984,12,-2.635577004,0.435767757,0.055100738,-0.005677346
1985,1,-2.674323697,0.480685192,0.058016434,0.087511334
1985,2,-2.769814501,0.25968744,0.056891396,0.147817039
1985,3,-2.74528154,0.272951256,0.053983508,0.13099428
1985,4,-2.74978418,0.232186878,0.053263558,0.126363532
1985,5,-2.755882996,0.275417763,0.051242876,0.232535773
1985,6,-2.713756485,0.16601863,0.049360946,0.227304374
1985,7,-2.697477649,0.162814841,0.049368092,0.248363214
1985,8,-2.697429424,0.1328562,0.048568805,0.142166871
1985,9,-2.660634003,0.106903266,0.047986998,0.107005365
1985,10,-2.725778667,0.042036973,0.043682062,0.148109526
1985,11,-2.741565441,0.059059962,0.039733961,0.221428039
1985,12,-2.771772733,0.040172762,0.037084807,0.237041131
1986,1,-2.804966906,-0.023559124,0.035346773,0.165832853
1986,2,-2.873776675,0.067433036,0.042318654,0.226342757
1986,3,-2.931613486,0.050334032,0.05047141,0.288604469
1986,4,-2.90424752,0.083097841,0.055011901,0.290902879
1986,5,-2.983167802,0.008611987,0.054297829,0.285288859
1986,6,-3.089484748,-0.137402902,0.051296904,0.2828449
1986,7,-2.999456349,-0.122338283,0.052159582,0.228253557
1986,8,-3.03431936,-0.089212393,0.051292855,0.294663601
1986,9,-2.932629595,-0.071015208,0.048027086,0.252867471
1986,10,-2.924622829,0.006991283,0.048917183,0.258128929
1986,11,-2.967143697,-0.067490719,0.048578008,0.208257755
1986,12,-2.883397541,-0.026019294,0.048830201,0.140041014
1987,1,-2.970609835,0.024225747,0.043863146,0.239869567
1987,2,-2.979957906,0.049876825,0.036536276,0.20560505
1987,3,-2.965710474,0.079344496,0.026187853,0.163681882
1987,4,-2.936009919,0.065259632,0.018213656,0.148738471
1987,5,-2.940358924,0.094749314,0.016334081,0.103438129
1987,6,-3.026260121,0.147561512,0.017900137,0.131694282
1987,7,-3.064956255,0.119941928,0.014663377,0.231042042
1987,8,-3.110548651,0.083341784,0.011329175,0.203182607
1987,9,-3.060895423,0.093577787,0.010645655,0.267625191
1987,10,-2.813722592,0.025963032,0.010340005,-0.026685948
1987,11,-2.740136807,0.049748845,0.009980761,-0.114695054
1987,12,-2.850322094,-0.043390576,0.009890528,-0.020250456
1988,1,-2.895743587,-0.074875877,0.012313708,-0.095956913
1988,2,-2.933243398,-0.099215657,0.01361349,-0.094074104
1988,3,-2.920749248,-0.140167317,0.013484047,-0.132637339
1988,4,-2.910020934,-0.133383169,0.013884244,-0.10632953
1988,5,-2.858469253,-0.082974547,0.015311384,-0.109092301
1988,6,-2.875560144,-0.008506904,0.014695064,-0.104354607
1988,7,-2.854722402,-0.00109479,0.013604,-0.155353117
1988,8,-2.818308177,0.014013627,0.015845698,-0.220234514
1988,9,-2.877626234,-0.035909305,0.016067509,-0.16443639
1988,10,-2.860158142,0.005795995,0.01543887,0.107911922
1988,11,-2.800594149,0.050035319,0.017664123,0.169491437
1988,12,-2.678800743,0.223831553,0.018390816,0.118702093
1989,1,-2.708385734,0.255944145,0.018609326,0.133103846
1989,2,-2.714536819,0.220629863,0.018570582,0.066057622
1989,3,-2.747101771,0.215909816,0.019418897,0.10440431
1989,4,-2.81265655,0.178436935,0.020124107,0.139384164
1989,5,-2.854412609,0.122510323,0.020645762,0.174446073
1989,6,-2.863573812,0.076267275,0.0246586,0.11977663
1989,7,-2.908907394,0.094501742,0.028361023,0.201786914
1989,8,-2.908699587,0.110261042,0.032455221,0.25376338
1989,9,-2.90865469,0.134442602,0.036248389,0.218584308
1989,10,-2.921555111,0.058229721,0.035488723,0.1720767
1989,11,-2.955382574,-1.89E-05,0.035127124,0.205518475
1989,12,-3.120266479,-0.280622238,0.035002185,0.204042253
1990,1,-3.031039782,-0.306342063,0.029911468,0.063448809
1990,2,-3.039852529,-0.276141311,0.028935613,0.095907158
1990,3,-3.056604769,-0.257639305,0.028923787,0.097837668
1990,4,-3.026144886,-0.232393718,0.034089632,0.028457343
1990,5,-3.128165798,-0.241577274,0.036343303,0.075041954
1990,6,-3.105609389,-0.211572233,0.032565627,0.074286154
1990,7,-3.144060285,-0.29187073,0.03093976,-0.014513683
1990,8,-3.026555708,-0.304225975,0.022591378,-0.139026128
1990,9,-2.982107052,-0.320309992,0.016975692,-0.197414419
1990,10,-2.965953662,-0.275179922,0.015753672,-0.180552887
1990,11,-3.05028127,-0.275329448,0.014702202,-0.134171784
1990,12,-3.08493748,-0.130913558,0.016190105,-0.121524584
1991,1,-3.2145542,-0.216278411,0.019988046,0.006623282
1991,2,-3.294058509,-0.225938314,0.022306486,0.064698877
1991,3,-3.34407174,-0.248111384,0.024288498,0.074040027
1991,4,-3.349471088,-0.253825678,0.022770608,0.104001381
1991,5,-3.383359024,-0.232794177,0.020053083,0.055769298
1991,6,-3.369650198,-0.279455925,0.020421872,0.018408046
1991,7,-3.434044178,-0.243714673,0.02090514,0.078016138
1991,8,-3.514523722,-0.305843346,0.025144093,0.211452352
1991,9,-3.492561346,-0.2787286,0.027692627,0.261694945
1991,10,-3.519339041,-0.28665777,0.02966072,0.295916445
1991,11,-3.48249446,-0.2706989,0.027207009,0.191782218
1991,12,-3.588365762,-0.265758107,0.024292309,0.264938462
1992,1,-3.592922541,-0.18876916,0.02701201,0.216745163
1992,2,-3.608424374,-0.186504764,0.022890335,0.154595047
1992,3,-3.565205533,-0.151078012,0.018339006,0.097954148
1992,4,-3.59196626,-0.160398956,0.016293557,0.10926782
1992,5,-3.618515765,-0.185246198,0.015922202,0.076379584
1992,6,-3.583657979,-0.138842155,0.01429869,0.102560842
1992,7,-3.626448682,-0.123813286,0.011837855,0.094853836
1992,8,-3.600850868,-0.06627967,0.009934651,0.046981947
1992,9,-3.608681482,-0.068700311,0.009489722,0.07414699
1992,10,-3.625790211,-0.065356224,0.005520217,0.067374638
1992,11,-3.66244964,-0.055540763,0.005422696,0.149760041
1992,12,-3.681452993,-0.055300979,0.005855885,0.062660656
1993,1,-3.688261762,-0.04693507,0.001287363,0.073111835
1993,2,-3.686737614,-0.03981588,0.000802707,0.063242267
1993,3,-3.69939418,-0.045349422,0.001455178,0.113276692
1993,4,-3.670623396,-0.033493246,-0.000689511,0.070305761
1993,5,-3.69148054,-0.002813948,-0.001243275,0.094780079
1993,6,-3.683735617,-0.001857944,0.000245421,0.123038081
1993,7,-3.679360965,0.006491293,0.001684855,0.084329428
1993,8,-3.712126874,0.008856601,0.001661786,0.144264593
1993,9,-3.709557577,0.007195434,0.002426977,0.132264851
1993,10,-3.710854114,0.026114131,0.001732973,0.135340384
1993,11,-3.682677402,0.032689828,0.002655831,0.07776193
1993,12,-3.686898116,0.04715699,0.001452629,0.077343098
1994,1,-3.706949122,0.055137835,0.003833346,0.098080947
1994,2,-3.672366341,0.061238525,0.003819602,0.071965884
1994,3,-3.629517819,0.045491599,0.004104532,0.001798419
1994,4,-3.612620461,0.072392908,0.005827638,0.041013454
1994,5,-3.610912596,0.073856438,0.007434989,0.019956881
1994,6,-3.587999073,0.053955779,0.006035217,-0.014502612
1994,7,-3.615494138,0.050841273,0.003735123,0.013522534
1994,8,-3.626762456,0.074411611,0.003662693,0.015301678
1994,9,-3.593000948,0.083907472,0.004147952,-0.005505275
1994,10,-3.609811212,0.072843615,0.0092006,-0.0015019
1994,11,-3.497707247,0.133048486,0.009746099,-0.022103969
1994,12,-3.487172845,0.141539884,0.011839089,-0.028056625
1995,1,-3.487848672,0.150196935,0.012273136,-0.038794806
1995,2,-3.5145721,0.151221372,0.013597428,0.022753416
1995,3,-3.521162406,0.173859673,0.015585064,0.09464069
1995,4,-3.544127104,0.147979317,0.015339756,0.107970236
1995,5,-3.512216674,0.200311705,0.016335183,0.131010218
1995,6,-3.52176177,0.228178656,0.019343915,0.191060578
1995,7,-3.470283149,0.317860952,0.02373679,0.20328413
1995,8,-3.486923442,0.28195573,0.026148066,0.17225288
1995,9,-3.514569671,0.277993295,0.027466498,0.228888373
1995,10,-3.458942506,0.319169543,0.025773416,0.199279035
1995,11,-3.508688713,0.240931246,0.028259178,0.281409515
1995,12,-3.517848369,0.224635711,0.029408117,0.284542984
1996,1,-3.491990566,0.252982511,0.027661629,0.287110513
1996,2,-3.508404385,0.242323237,0.028312981,0.265660592
1996,3,-3.50875417,0.231986999,0.025772587,0.249073664
1996,4,-3.530187095,0.232986551,0.025422601,0.24792495
1996,5,-3.601092869,0.126151717,0.024283824,0.241955953
1996,6,-3.610016701,0.090282788,0.02491764,0.205229692
1996,7,-3.598795626,-0.047663774,0.023004984,0.107837848
1996,8,-3.638668719,-0.048348339,0.023118125,0.129344681
1996,9,-3.666309795,-0.033978962,0.022004238,0.143010359
1996,10,-3.700444339,-0.099349595,0.021601288,0.166564367
1996,11,-3.792377757,-0.121153604,0.018957529,0.184827064
1996,12,-3.784278315,-0.131641856,0.018007693,0.157258975
1997,1,-3.877783591,-0.220522836,0.020905262,0.18575557
1997,2,-3.853572696,-0.197884656,0.021000622,0.168265827
1997,3,-3.805353473,-0.204546748,0.02404719,0.114059937
1997,4,-3.843704962,-0.199964145,0.026345458,0.134741777
1997,5,-3.912197177,-0.15231358,0.029584248,0.178589941
1997,6,-3.87195092,-0.053979685,0.028675325,0.228558524
1997,7,-3.929220256,0.009652301,0.029141974,0.359545184
1997,8,-3.869281549,0.040658457,0.029183565,0.291929784
1997,9,-3.901521885,0.040111191,0.02987269,0.295332876
1997,10,-3.847770097,0.081495126,0.030557932,0.249923881
1997,11,-3.813991674,0.177574157,0.032871075,0.22100822
1997,12,-3.81439889,0.200748886,0.034309296,0.25268082
1998,1,-3.818314519,0.244733701,0.035399638,0.206991669
1998,2,-3.898535194,0.214885363,0.036682673,0.279916712
1998,3,-3.934177162,0.229274099,0.036936155,0.377470704
1998,4,-3.935348278,0.233939745,0.036337515,0.344933521
1998,5,-3.89670708,0.242050718,0.032972635,0.246665826
1998,6,-3.968965734,0.122443962,0.033391774,0.238175484
1998,7,-3.938896421,0.114883986,0.033113655,0.14384273
1998,8,-3.769237862,0.092972626,0.033955493,0.015736497
1998,9,-3.860036716,0.044433238,0.035415828,0.023796448
1998,10,-3.915044525,0.040721293,0.034455827,0.127739191
1998,11,-4.042139493,-0.09050611,0.033039614,0.155049179
1998,12,-4.089284272,-0.09268221,0.03141468,0.198815636
1999,1,-4.130310786,-0.097910314,0.030038409,0.230035954
1999,2,-4.093268322,-0.089304254,0.030278053,0.121975829
1999,3,-4.114970105,-0.088596284,0.029492797,0.108391244
1999,4,-4.114669187,-0.058769234,0.023496639,0.136751096
1999,5,-4.09403462,-0.068989922,0.024743303,0.144872001
1999,6,-4.040696639,0.071511768,0.025871454,0.16067506
1999,7,-3.996796502,0.072479985,0.023894565,0.148587703
1999,8,-3.955986831,0.102548996,0.022324292,0.308256875
1999,9,-3.91904983,0.138319968,0.018074368,0.216998402
1999,10,-3.99453645,0.111143756,0.019428712,0.208884141
1999,11,-3.989960052,0.216716182,0.019332689,0.182868142
1999,12,-4.054097801,0.214498862,0.019320297,0.196514706
2000,1,-3.999385997,0.227571507,0.019389084,0.114807693
2000,2,-4.009652979,0.241986326,0.015495829,0.17634811
2000,3,-4.041191219,0.243716314,0.010717751,0.18736127
2000,4,-3.985153406,0.199155014,0.018276499,0.088058151
2000,5,-3.929905544,0.214057489,0.018702946,0.069383459
2000,6,-4.069670666,0.016295284,0.013468854,0.06220805
2000,7,-4.055006033,-0.000671592,0.015150982,0.074724772
2000,8,-4.147484951,-0.04844192,0.018642755,0.158736731
2000,9,-4.023724675,0.010510281,0.019418691,0.13291327
2000,10,-3.922993775,0.100118339,0.021170212,0.04816433
2000,11,-3.747740838,0.124959173,0.022683521,-0.09396261
2000,12,-3.745581505,0.12956421,0.023855262,-0.155604876
2001,1,-3.779132696,0.119276693,0.021813657,-0.078391098
2001,2,-3.683396828,0.096936183,0.02323262,-0.204493274
2001,3,-3.636135035,0.055772457,0.028673297,-0.323271005
2001,4,-3.740168389,0.033905108,0.024595313,-0.187607452
2001,5,-3.75244495,0.012585338,0.01945739,-0.141685904
2001,6,-3.749966126,0.092730603,0.021808732,-0.203727694
2001,7,-3.748668023,0.086483544,0.025146164,-0.196578376
2001,8,-3.672770452,0.118613646,0.023253827,-0.331012235
2001,9,-3.664258691,-0.038060576,0.021660776,-0.372226172
2001,10,-3.781252559,-0.200344107,0.023370397,-0.319547104
2001,11,-3.977795381,-0.386237707,0.022246128,-0.137629473
2001,12,-4.052440155,-0.458257323,0.022136605,-0.134168064
2002,1,-4.0563587,-0.474798777,0.022190929,-0.180408975
2002,2,-4.034531197,-0.469153732,0.019742254,-0.100480107
2002,3,-4.097317183,-0.468541615,0.013514394,0.009121175
2002,4,-4.059068485,-0.459551762,0.009508483,-0.123533919
2002,5,-4.06886066,-0.474596746,0.012224747,-0.141228685
2002,6,-3.977289785,-0.441478358,0.011858612,-0.195591713
2002,7,-3.911090545,-0.446261078,0.006437927,-0.264017636
2002,8,-3.972586599,-0.517146542,0.001415797,-0.198680708
2002,9,-3.863027497,-0.427289289,0.002856813,-0.207733719
2002,10,-3.937231633,-0.339775045,-0.002968626,-0.164481572
2002,11,-3.991922529,-0.215283834,-0.005157567,-0.182860897
2002,12,-3.946557782,-0.172669806,-0.007302013,-0.259415366
2003,1,-3.889609318,-0.12677126,-0.009852951,-0.273273666
2003,2,-3.87337148,-0.132686867,-0.01398321,-0.273271545
2003,3,-3.888952885,-0.117142358,-0.014663998,-0.30524652
2003,4,-3.955246026,-0.082979855,-0.0074122,-0.167829486
2003,5,-4.021772257,-0.066315766,-0.006278083,-0.095641685
2003,6,-4.044942618,-0.093087863,-0.007111045,-0.008075866
2003,7,-4.051785396,-0.058266791,-0.007887194,0.099669858
2003,8,-4.04649375,0.025091348,-0.009059705,0.116330988
2003,9,-4.020640785,0.035893015,-0.011245212,0.211288719
2003,10,-4.065269759,0.051290131,-0.009207894,0.196341074
2003,11,-4.094746861,0.034958093,-0.007001058,0.154305133
2003,12,-4.126175497,0.058092519,-0.0084249,0.253725803
2004,1,-4.174940993,-0.000136285,-0.009183519,0.300454474
2004,2,-4.176749968,0.017177023,-0.007192861,0.335787226
2004,3,-4.151811253,0.033280588,-0.007727099,0.311752319
2004,4,-4.115414172,0.033532776,-0.013297426,0.209888375
2004,5,-4.079368081,0.080815643,-0.021064756,0.155188103
2004,6,-4.069728432,0.115458118,-0.023343153,0.157181701
2004,7,-4.007342863,0.122941603,-0.020372572,0.096517403
2004,8,-3.986446024,0.119758284,-0.016701585,0.0781059
2004,9,-3.999670653,0.110533226,-0.015265463,0.107718946
2004,10,-3.85130976,0.249763009,-0.021198433,0.056832221
2004,11,-3.764905688,0.391511347,-0.023629371,0.084575628
2004,12,-3.707547673,0.473381553,-0.020243275,0.078995141
2005,1,-3.652788048,0.530825553,-0.016572589,0.034261175
2005,2,-3.646613273,0.543627245,-0.015940295,0.039235587
2005,3,-3.619919902,0.538887376,-0.016108311,0.033428413
2005,4,-3.572227859,0.539352615,-0.018316384,0.023872123
2005,5,-3.61614434,0.492466961,-0.009656789,0.055774278
2005,6,-3.611317791,0.478783609,-0.005505479,0.047030694
2005,7,-3.628238772,0.474017374,-0.010307128,0.121129541
2005,8,-3.578430585,0.486676348,-0.012987827,0.106197747
2005,9,-3.584891587,0.474217214,-0.021228724,0.086800049
2005,10,-3.656950774,0.226644273,-0.016389696,0.0577689
2005,11,-3.737546781,0.06223585,-0.00620511,0.058410298
2005,12,-3.754131093,-0.04523865,-0.004223794,0.024495504
2006,1,-3.797618578,-0.089019018,-0.007821938,0.077987898
2006,2,-3.758978665,-0.073345454,-0.002289891,0.062059999
2006,3,-3.750864853,-0.054557367,0.00157499,0.099613184
2006,4,-3.740439124,-0.058667465,0.001300996,0.133009978
2006,5,-3.656010271,-0.007350077,-0.00278413,0.058023143
2006,6,-3.612418972,0.021522148,-0.002548557,0.049252104
2006,7,-3.616122615,-0.007800044,0.000710158,0.006615426
2006,8,-3.59123122,0.002553345,0.005046837,0.042545294
2006,9,-3.60263126,0.029107827,0.023304981,0.073734698
2006,10,-3.622547769,0.14214506,0.032146427,0.13410598
2006,11,-3.563156109,0.256307902,0.026665593,0.109872038
2006,12,-3.546500688,0.295420064,0.021918197,0.116207356
2007,1,-3.526256769,0.347714396,0.027359829,0.105343089
2007,2,-3.498910032,0.31682614,0.024437403,0.086539892
2007,3,-3.461269425,0.334528085,0.02149124,0.075839958
2007,4,-3.471753891,0.342682232,0.024285415,0.104586825
2007,5,-3.459832629,0.335670193,0.022944632,0.17044361
2007,6,-3.425152136,0.310480707,0.022981893,0.155239849
2007,7,-3.358270968,0.353453616,0.02618906,0.129805666
2007,8,-3.365356065,0.314690722,0.029988319,0.122781839
2007,9,-3.311282642,0.382174372,0.021423044,0.126645851
2007,10,-3.218079214,0.469116005,0.012953272,0.103898814
2007,11,-3.135098887,0.417406295,0.004746526,0.031925162
2007,12,-3.110550135,0.408383642,0.005609681,0.016044559
2008,1,-3.032567548,0.381967745,0.001406745,-0.064654945
2008,2,-3.001952866,0.373419214,0.001349304,-0.075043131
2008,3,-3.025923373,0.294755681,-0.000809292,-0.093217397
2008,4,-3.095505078,0.245183203,-0.002972566,-0.086807462
2008,5,-3.141504624,0.170157659,-0.007559306,-0.105860445
2008,6,-3.086525724,0.112890748,-0.017943234,-0.181087097
2008,7,-3.07009433,0.083813387,-0.025928061,-0.158991517
2008,8,-3.093607352,0.072539613,-0.026656146,-0.154868718
2008,9,-3.048773731,-0.061884611,-0.024216068,-0.278066356
2008,10,-2.950205784,-0.251267915,-0.014321674,-0.468135603
2008,11,-2.858630223,-0.256197862,0.007844784,-0.476903339
2008,12,-2.928782498,-0.31742259,0.014873663,-0.447108259
2009,1,-2.881546577,-0.368606559,0.013391156,-0.465093878
2009,2,-2.792523316,-0.389663997,0.010131289,-0.539630611
2009,3,-2.686231983,-0.171798068,0.014834776,-0.445573263
2009,4,-2.776784282,-0.140248845,0.016689593,-0.39859133
2009,5,-2.863790257,-0.144510689,0.02039224,-0.366741053
2009,6,-2.885286606,-0.128746373,0.020267032,-0.275649985
2009,7,-3.011252689,-0.182016285,0.025692269,-0.192801392
2009,8,-3.097137713,-0.23261825,0.018253219,-0.184900367
2009,9,-3.173304393,-0.218453985,0.014845077,-0.052910916
2009,10,-3.102832984,-0.097456553,0.002930062,0.099112659
2009,11,-3.287825787,-0.252398761,-0.017416085,0.213451665
2009,12,-3.334573769,-0.226390663,-0.025949668,0.214410322
2010,1,-3.309514631,-0.196081394,-0.025018342,0.267769021
2010,2,-3.352872379,-0.182385177,-0.020406904,0.412349586
2010,3,-3.693198923,-0.642853801,-0.022175969,0.388700621
2010,4,-3.750582011,-0.684193965,-0.021418089,0.312835859
2010,5,-3.648512899,-0.625941837,-0.019208392,0.184477605
2010,6,-3.576546789,-0.584518183,-0.009678439,0.134330051
2010,7,-3.579024052,-0.471823733,-0.011476305,0.123468354
2010,8,-3.506163438,-0.394371945,-0.010615679,0.044224074
2010,9,-3.590804804,-0.351635113,-0.01057196,0.093068054
2010,10,-3.744515722,-0.508467937,-0.010753752,0.156586617
2010,11,-3.717936069,-0.345195704,-0.010366812,0.108908445
2010,12,-3.754728694,-0.300232576,-0.013846529,0.143059411
2011,1,-3.767127892,-0.285097468,-0.015086808,0.195370979
2011,2,-3.794594035,-0.272551326,-0.019656883,0.191413149
2011,3,-3.773517802,0.026260423,-0.025262844,0.129290551
2011,4,-3.798348241,0.062961262,-0.030046246,0.13288788
2011,5,-3.738894205,0.0851642,-0.034064501,0.199047542
2011,6,-3.655042127,0.135431871,-0.034069699,0.239458893
2011,7,-3.651357579,0.051179186,-0.034844327,0.149137446
2011,8,-3.548704562,0.066066047,-0.036218408,0.136963186
2011,9,-3.425271781,0.101889663,-0.037254147,-0.031621152
2011,10,-3.530988496,0.222621834,-0.034044905,0.037950214
2011,11,-3.500825586,0.21795815,-0.032880424,0.030573896
2011,12,-3.507100579,0.193996508,-0.02879389,-0.024088608
2012,1,-3.52820641,0.214405194,-0.028532502,0.004418555
2012,2,-3.528163147,0.250222232,-0.02810656,0.012727423
2012,3,-3.565156965,0.220638591,-0.026068583,0.040177456
2012,4,-3.548318344,0.228297091,-0.022666274,0.00663401
2012,5,-3.456037718,0.215243357,-0.016698953,-0.036546201
2012,6,-3.53513471,0.109733019,-0.016303021,0.018563513
2012,7,-3.529323421,0.145821425,-0.013786252,0.052690271
2012,8,-3.536389741,0.120087799,-0.016582188,0.136475357
2012,9,-3.586042971,0.051099384,-0.019417169,0.239201415
2012,10,-3.565327202,0.05094654,-0.020992986,0.113180266
2012,11,-3.575133178,0.026104989,-0.016987561,0.128039124
2012,12,-3.516428876,0.094049377,-0.016660432,0.132650346
2013,1,-3.582572826,0.056043095,-0.015222833,0.137834068
2013,2,-3.606483282,-0.001438499,-0.018986198,0.103666836
2013,3,-3.644465796,0.011601447,-0.014031429,0.116709953
2013,4,-3.658362875,0.009149137,-0.009974774,0.144641775
2013,5,-3.695114045,-0.030508191,-0.013027762,0.233109146
2013,6,-3.619042812,0.06932485,-0.016892068,0.179688231
2013,7,-3.663665518,0.064135716,-0.018917104,0.223793025
2013,8,-3.653458919,0.034160231,-0.014669577,0.176801033
2013,9,-3.662392006,0.087755795,-0.011479615,0.189451896
2013,10,-3.647697921,0.141474645,-0.009390006,0.249562848
2013,11,-3.676083597,0.143885752,-0.012194835,0.269842834
2013,12,-3.728573133,0.047648354,-0.014905712,0.283535597
2014,1,-3.694323672,0.059645533,-0.015666117,0.195956558
2014,2,-3.695512555,0.118990561,-0.011200532,0.232551186
2014,3,-3.693022419,0.12059432,-0.015008831,0.193742713
2014,4,-3.68560314,0.120334454,-0.019340343,0.17234737
2014,5,-3.695662736,0.138301345,-0.021048043,0.163377749
2014,6,-3.757991623,0.039633723,-0.020511605,0.201645087
2014,7,-3.749762606,0.018320758,-0.019727415,0.127668765
2014,8,-3.760512141,0.068872759,-0.016853295,0.19893114
2014,9,-3.72880991,0.053079322,-0.016443252,0.143234657
2014,10,-3.812621843,-0.059843135,-0.016506419,0.12693052
2014,11,-3.815128573,-0.03636528,-0.013136884,0.124475317
2014,12,-3.804337828,0.004233076,-0.007536462,0.102027271
2015,1,-3.74683562,0.03760908,0.000893883,0.113439313
2015,2,-3.80188458,-0.002640415,0.00025133,0.125814627
2015,3,-3.759074274,0.022064598,0.000736645,0.111154336
2015,4,-3.755293959,0.027371788,0.001997167,0.120186744
2015,5,-3.739388882,0.044446785,0.000399407,0.111663479
2015,6,-3.711088692,0.092107603,-0.001236947,0.069361423
2015,7,-3.707238955,0.1229179,-0.001694262,0.104643056
2015,8,-3.588501308,0.147111766,-0.001948893,0.002365574
2015,9,-3.546568053,0.148077895,0.000361363,-0.005748151
2015,10,-3.590685107,0.234737576,-0.001704291,0.040006808
2015,11,-3.573858149,0.230686382,-0.005005428,0.017077265
2015,12,-3.53296196,0.236806676,-0.007168722,-0.005769664
2016,1,-3.486015089,0.192579034,-0.013437464,-0.038078355
2016,2,-3.492412278,0.184720799,-0.009726581,-0.09477785
2016,3,-3.519568005,0.193775434,-0.007889277,-0.016548584
2016,4,-3.52034581,0.189526564,-0.010488336,-0.016261697
2016,5,-3.542201869,0.157072174,-0.009341685,-0.011576447
2016,6,-3.52822088,0.15773642,-0.00892394,0.00380304
2016,7,-3.574843921,0.132834036,-0.007037468,0.028073428
2016,8,-3.600495931,0.054293588,-0.009172777,0.093232117
2016,9,-3.580797658,0.061799307,-0.012931877,0.123501532
2016,10,-3.567257165,0.023165851,-0.014427654,0.027579885
2016,11,-3.58915383,0.025419837,-0.014883898,0.067962615
2016,12,-3.589369412,0.020412149,-0.018434154,0.104060904
2017,1,-3.608589671,0.029086673,-0.022293304,0.178390841
2017,2,-3.6140306,0.063371587,-0.024411805,0.211576368
2017,3,-3.635141325,0.008528399,-0.020827542,0.150139968
2017,4,-3.618685934,0.02923333,-0.018658942,0.154038051
2017,5,-3.622060924,0.044633024,-0.014975845,0.150868675
2017,6,-3.604363607,0.059175654,-0.01220372,0.16215966
2017,7,-3.604367966,0.084835808,-0.012633232,0.141201018
2017,8,-3.592433848,0.117751283,-0.014005586,0.136848272
2017,9,-3.628717779,0.082483113,-0.016185797,0.1566071
2017,10,-3.636397284,0.106400492,-0.013607968,0.201546599
2017,11,-3.671852073,0.075991335,-0.014489279,0.18380096
2017,12,-3.733342715,0.010506524,-0.012974365,0.178111163
2018,1,-3.781863123,0.017457272,-0.011797153,0.213255339
2018,2,-3.756528956,-0.023796533,-0.012480938,0.141797747
2018,3,-3.69895304,0.028321829,-0.013127603,0.116581663
2018,4,-3.697316997,0.005420691,-0.013234524,0.108539418
2018,5,-3.699342025,0.019492224,-0.015731259,0.121212051
2018,6,-3.6428569,0.054121136,-0.015617965,0.118455115
2018,7,-3.679895879,0.030490495,-0.015476621,0.130931095
2018,8,-3.72657115,0.008066549,-0.012342905,0.165993856
2018,9,-3.75178226,0.000461929,-0.007624037,0.146730959
2018,10,-3.669988226,-0.013107378,-0.009022882,0.04564121
2018,11,-3.597037547,0.083620569,-0.004644885,0.035842042
2018,12,-3.482263614,0.152425409,-0.000935409,-0.06837888
2019,1,-3.549203587,0.16430257,0.003491288,-0.040014898
2019,2,-3.560261077,0.198827712,0.004496569,0.030594563
2019,3,-3.6112546,0.123523341,0.001928439,0.062484289
2019,4,-3.664462635,0.104606843,0.001313395,0.097047774
2019,5,-3.596670819,0.079495247,0.004035969,0.003869823
2019,6,-3.755884957,-0.069937239,0.00582881,0.066201448
2019,7,-3.709223635,-0.008149329,0.004526199,0.045379733
2019,8,-3.685059151,0.003509819,0.005132257,-0.013216215
2019,9,-3.680161053,0.047371468,0.005809972,0.000656424
2019,10,-3.68890176,0.055635988,0.004992119,0.09924159
2019,11,-3.834113951,-0.141928493,0.001574434,0.116537991
2019,12,-3.83876806,-0.136909638,-0.001313438,0.240886616
2020,1,-3.823338365,-0.138878286,-0.004079562,0.156875821
2020,2,-3.755513559,-0.176579023,-0.003197389,0.041792577
2020,3,-3.584492647,-0.102643033,0.004007898,-0.102032315
2020,4,-3.69892451,-0.065502306,0.013900532,-0.006591623
2020,5,-3.76268876,-0.070422971,0.014009724,0.11855068
2020,6,-3.776757272,0.025022951,0.007053334,0.068533888
2020,7,-3.895056263,-0.099577673,0.001879186,0.106393045
2020,8,-3.973742398,-0.107118754,-0.00281846,0.200192836
2020,9,-3.947735233,-0.138986782,-0.005125483,0.147701905
2020,10,-3.914336705,-0.138075522,-0.00475548,0.107116736
2020,11,-4.022137116,-0.021938759,-0.005780339,0.183840468
2020,12,-4.062300853,-0.042349931,-0.008930584,0.198245835
2021,1,-4.056522252,-0.052557697,-0.010502243,0.197787205
2021,2,-4.094664905,-0.049546999,-0.014424107,0.306128398
2021,3,-4.143437502,-0.104852146,-0.02496039,0.469836336
2021,4,-4.15332424,-0.094821432,-0.039855108,0.375168239
2021,5,-4.153569123,-0.090136044,-0.04792074,0.316330473
2021,6,-4.175143434,-0.098391117,-0.051811376,0.315251064
2021,7,-4.178772508,-0.02683333,-0.051664867,0.272084088
2021,8,-4.186465425,0.000461012,-0.050680393,0.228269593
2021,9,-4.125764953,0.026062506,-0.052100899,0.22011432
2021,10,-4.197265311,-0.000463259,-0.060059838,0.297390058
2021,11,-4.14619604,0.019636153,-0.065672043,0.159395674
2021,12,-4.155393372,0.033733772,-0.067798814,0.142384257
